eventId,eventDate,longitude,latitude,depth,magnitudeType,magnitude,area
563171,"2023-03-15T07:51:46",36.611,38.014,6.98,"ML",3.3,"Göksun (Kahramanmaraş)"
563150,"2023-02-15T22:00:41",36.633,38.068,7.2,"ML",3,"Göksun (Kahramanmaraş)"
563146,"2023-03-15T06:27:07",32.3,34.544,7.78,"ML",3.6,"Akdeniz"
563139,"2023-03-15T05:49:33",37.494,37.984,7.72,"MW",4,"Nurhak (Kahramanmaraş)"
563117,"2023-03-15T04:22:03",37.534,38.019,7,"ML",3,"Nurhak (Kahramanmaraş)"
563116,"2023-03-15T04:27:58",36.787,37.387,7,"ML",3.2,"Türkoğlu (Kahramanmaraş)"
563096,"2023-03-15T03:29:55",36.305,37.138,7,"MW",3.9,"Merkez (Osmaniye)"
563069,"2023-03-15T02:24:32",40.648,39.739,7,"ML",3.1,"Aşkale (Erzurum)"
562998,"2023-03-14T23:03:16",38.435,38.134,8,"ML",3.1,"Sincik (Adıyaman)"
562939,"2023-03-14T20:42:29",36.41,36.642,7,"ML",3.4,"Kırıkhan (Hatay)"
562937,"2023-03-14T20:30:38",36.951,38.058,11.04,"ML",3.1,"Göksun (Kahramanmaraş)"
562923,"2023-03-14T19:40:15",36.331,37.977,9.92,"ML",3,"Göksun (Kahramanmaraş)"
562910,"2023-03-14T19:10:01",37.526,38.404,7,"ML",3.1,"Darende (Malatya)"
562900,"2023-03-14T18:55:16",38.543,38.152,7.12,"MW",3.9,"Battalgazi (Malatya)"
562895,"2023-03-14T18:33:19",36.634,37.844,7.2,"ML",3,"Onikişubat (Kahramanmaraş)"
562879,"2023-03-14T17:00:34",39.451,38.472,7,"ML",3.1,"Maden (Elazığ)"
562858,"2023-03-14T16:35:58",21.818,35.556,4.22,"MW",5.3,"Akdeniz"
562830,"2023-03-14T15:07:30",36.679,37.98,6.99,"ML",3.2,"Onikişubat (Kahramanmaraş)"
562825,"2023-03-14T14:49:47",37.384,37.84,5.34,"MW",4.9,"Çağlayancerit (Kahramanmaraş)"
562755,"2023-03-14T11:57:56",36.193,37.791,6.7,"ML",3.8,"Saimbeyli (Adana)"
562740,"2023-03-14T11:33:23",36.581,38.038,6.96,"ML",3.7,"Göksun (Kahramanmaraş)"
562693,"2023-03-14T09:40:03",38.384,38.074,7.16,"ML",3.1,"Çelikhan (Adıyaman)"
562657,"2023-03-14T08:16:52",38.67,38.182,0.7,"ML",3.4,"Pütürge (Malatya)"
562656,"2023-03-14T08:06:35",38.002,38.072,6.16,"ML",3,"Doğanşehir (Malatya)"
562618,"2023-03-14T06:47:34",36.976,38.135,7,"MW",4.7,"Göksun (Kahramanmaraş)"
562592,"2023-03-14T05:16:59",36.483,36.829,10.63,"ML",3.7,"Hassa (Hatay)"
562589,"2023-03-14T04:46:24",36.478,37.766,7.07,"ML",3.2,"Andırın (Kahramanmaraş)"
562583,"2023-03-14T04:14:14",37.471,38,7.12,"ML",3.3,"Nurhak (Kahramanmaraş)"
562581,"2023-03-14T04:09:01",36.94,37.178,7,"ML",3.1,"Nurdağı (Gaziantep)"
562573,"2023-03-14T02:27:52",38.552,38.139,7.03,"MW",3.9,"Sincik (Adıyaman)"
562534,"2023-03-14T00:25:28",38.354,38.077,7.11,"ML",3.1,"Çelikhan (Adıyaman)"
562512,"2023-03-13T22:34:47",37.856,38.202,7,"ML",3,"Doğanşehir (Malatya)"
562458,"2023-03-13T19:02:02",36.302,37.811,7,"ML",3.4,"Andırın (Kahramanmaraş)"
562433,"2023-03-13T17:37:28",37.701,37.796,16.28,"ML",3.2,"Gölbaşı (Adıyaman)"
562413,"2023-03-13T15:56:58",38.679,38.193,6.17,"MW",3.6,"Pütürge (Malatya)"
562398,"2023-03-13T15:06:20",36.24,36.406,7,"ML",3.7,"Antakya (Hatay)"
562383,"2023-03-13T14:15:39",37.548,38.429,7,"ML",3.1,"Darende (Malatya)"
562361,"2023-03-13T11:59:56",38.493,38.12,11.14,"ML",3,"Sincik (Adıyaman)"
562357,"2023-03-13T12:22:13",36.52,36.907,7,"ML",3.3,"İslahiye (Gaziantep)"
562332,"2023-03-13T10:24:58",36.925,38.057,14.93,"ML",3,"Göksun (Kahramanmaraş)"
562327,"2023-03-13T10:16:55",36.486,37.894,7,"ML",3.3,"Göksun (Kahramanmaraş)"
562300,"2023-03-13T08:23:07",36.258,37.858,7,"ML",3,"Saimbeyli (Adana)"
562294,"2023-03-13T08:42:56",37.465,37.982,12.86,"ML",3.1,"Nurhak (Kahramanmaraş)"
562259,"2023-03-13T02:23:44",38.657,38.174,10.49,"ML",3.5,"Pütürge (Malatya)"
562238,"2023-03-13T06:45:18",36.343,37.887,10.46,"ML",3.2,"Göksun (Kahramanmaraş)"
562229,"2023-03-13T06:17:45",38.686,38.187,7,"ML",3.7,"Pütürge (Malatya)"
562228,"2023-03-13T06:11:59",37.203,37.399,12.65,"ML",3.2,"Pazarcık (Kahramanmaraş)"
562219,"2023-03-13T05:04:01",36.811,40.492,7.32,"ML",3.2,"Merkez (Tokat)"
562196,"2023-03-13T04:11:43",36.255,37.852,8.35,"ML",3.3,"Saimbeyli (Adana)"
562159,"2023-03-13T02:27:19",38.681,38.208,8.04,"ML",3.1,"Pütürge (Malatya)"
562154,"2023-03-13T02:00:46",31.802,40.873,8.37,"ML",3.2,"Merkez (Bolu)"
562151,"2023-03-13T02:23:14",36.505,36.828,11.21,"MW",4.4,"Hassa (Hatay)"
562148,"2023-03-13T02:13:51",38.673,38.186,8.08,"MW",4.5,"Pütürge (Malatya)"
562133,"2023-03-13T01:34:29",38.677,38.189,10.14,"MW",4.7,"Pütürge (Malatya)"
562104,"2023-03-12T23:29:51",37.808,34.975,5.92,"ML",3,"Al-Mukharram, Humus (Suriye) - [174.23 km] Reyhanlı (Hatay)"
562095,"2023-03-12T23:22:50",36.65,37.872,7,"ML",3,"Onikişubat (Kahramanmaraş)"
562082,"2023-03-12T22:09:22",37.843,38.176,4.86,"ML",3,"Doğanşehir (Malatya)"
562080,"2023-03-12T22:41:28",36.643,38.048,7,"MW",3.8,"Göksun (Kahramanmaraş)"
562051,"2023-03-12T21:28:49",36.25,37.883,7.74,"ML",3,"Saimbeyli (Adana)"
562041,"2023-03-12T20:55:11",38.143,38.277,7,"ML",3.5,"Yeşilyurt (Malatya)"
562034,"2023-03-12T20:21:07",37.153,37.518,8.81,"ML",3.3,"Dulkadiroğlu (Kahramanmaraş)"
562026,"2023-03-12T19:41:40",36.491,36.879,10.96,"ML",3.5,"Hassa (Hatay)"
561992,"2023-03-12T17:59:11",36.618,38.105,7,"ML",3.1,"Göksun (Kahramanmaraş)"
561974,"2023-03-12T16:34:44",36.91,38.086,7,"ML",3.2,"Göksun (Kahramanmaraş)"
561973,"2023-03-12T16:38:15",37.073,37.452,8.99,"ML",3.2,"Dulkadiroğlu (Kahramanmaraş)"
561971,"2023-03-12T16:52:31",37.05,38.181,4.08,"ML",3.4,"Elbistan (Kahramanmaraş)"
561950,"2023-03-12T15:30:06",37.042,37.498,9.59,"ML",3.3,"Dulkadiroğlu (Kahramanmaraş)"
561942,"2023-03-12T15:06:23",36.362,37.934,6.01,"ML",3,"Göksun (Kahramanmaraş)"
561929,"2023-03-12T13:54:19",41.2,36.234,4.46,"MW",3.6,"Haseke (Suriye) - [92.54 km] Nusaybin (Mardin)"
561923,"2023-03-12T13:36:46",35.329,35.461,6.83,"MW",3.9,"Akdeniz"
561921,"2023-03-12T13:31:58",31.795,40.863,7.14,"MW",3.7,"Merkez (Bolu)"
561918,"2023-03-12T13:03:00",37.186,38.045,7,"ML",3,"Ekinözü (Kahramanmaraş)"
561917,"2023-03-12T13:01:21",36.485,38.029,6.64,"ML",3.5,"Göksun (Kahramanmaraş)"
561913,"2023-03-12T12:31:21",36.253,37.91,8.17,"MW",4.4,"Saimbeyli (Adana)"
561911,"2023-03-12T12:13:22",37.193,38.232,7,"ML",3,"Elbistan (Kahramanmaraş)"
561902,"2023-03-12T10:35:47",37.509,38.044,7,"MW",3.4,"Elbistan (Kahramanmaraş)"
561901,"2023-03-12T10:35:17",36.413,36.693,7,"ML",3.1,"Hassa (Hatay)"
561892,"2023-03-12T10:28:09",37.836,38.154,7,"ML",3,"Doğanşehir (Malatya)"
561878,"2023-03-12T09:14:55",36.367,37.236,7,"ML",3.9,"Düziçi (Osmaniye)"
561872,"2023-03-12T08:30:29",38.017,38.208,4.72,"ML",3,"Yeşilyurt (Malatya)"
561855,"2023-03-12T06:22:59",36.252,37.876,7,"ML",3.3,"Saimbeyli (Adana)"
561784,"2023-03-12T02:43:14",38.186,38.119,7,"ML",3.2,"Yeşilyurt (Malatya)"
561779,"2023-03-12T02:28:05",37.785,38.125,8.73,"ML",3.3,"Doğanşehir (Malatya)"
561745,"2023-03-12T01:40:52",35.31,37.856,8.37,"ML",3.6,"Yahyalı (Kayseri)"
561724,"2023-03-12T01:07:55",36.318,37.936,7,"ML",3,"Göksun (Kahramanmaraş)"
561684,"2023-03-11T21:57:49",37.488,38.003,7,"ML",3.4,"Nurhak (Kahramanmaraş)"
561642,"2023-03-11T19:35:16",35.668,36.976,7,"MW",4,"Yüreğir (Adana)"
561631,"2023-03-11T19:00:03",39.507,38.524,7,"ML",3.1,"Maden (Elazığ)"
561626,"2023-03-11T18:47:34",37.778,38.126,5.02,"ML",3,"Doğanşehir (Malatya)"
561477,"2023-03-11T11:32:09",38.626,38.163,7.11,"MW",3.9,"Pütürge (Malatya)"
561469,"2023-03-11T11:05:24",38.14,38.155,7.11,"ML",3.2,"Yeşilyurt (Malatya)"
561417,"2023-03-11T07:42:14",37.421,38.079,9.02,"ML",3,"Elbistan (Kahramanmaraş)"
561394,"2023-03-11T06:37:49",36.189,37.138,7,"ML",3.3,"Merkez (Osmaniye)"
561392,"2023-03-11T06:32:03",27.201,36.562,8.89,"ML",3.3,"Ege Denizi - [26.49 km] Datça (Muğla)"
561388,"2023-03-11T06:20:22",27.201,36.541,14.14,"MW",3.8,"Ege Denizi - [27.84 km] Datça (Muğla)"
561377,"2023-03-11T05:39:21",37.236,38.071,7.93,"ML",3.1,"Elbistan (Kahramanmaraş)"
561371,"2023-03-11T04:30:06",27.155,36.503,7,"ML",3.5,"Ege Denizi - [33.64 km] Datça (Muğla)"
561248,"2023-03-11T00:39:22",36.386,37.804,7.03,"MW",3.6,"Andırın (Kahramanmaraş)"
561203,"2023-03-10T22:41:31",37.461,38.019,7.01,"ML",3,"Elbistan (Kahramanmaraş)"
561202,"2023-03-10T22:57:55",27.155,36.502,7,"ML",3.1,"Ege Denizi - [33.74 km] Datça (Muğla)"
561187,"2023-03-10T21:44:52",38.684,38.173,5.61,"ML",3.2,"Pütürge (Malatya)"
561121,"2023-03-10T19:36:43",37.809,38.184,5.95,"ML",3.3,"Doğanşehir (Malatya)"
561090,"2023-03-10T18:29:13",36.036,36.222,6.82,"ML",3,"Samandağ (Hatay)"
561072,"2023-03-10T18:09:23",36.613,37.035,7.09,"ML",3.3,"İslahiye (Gaziantep)"
561071,"2023-03-10T18:08:46",41.459,38.919,7,"MW",3.6,"Merkez (Muş)"
561069,"2023-03-10T18:05:34",37.301,38.242,8.57,"MW",3.5,"Elbistan (Kahramanmaraş)"
561061,"2023-03-10T16:58:49",40.352,39.194,10.74,"ML",3.4,"Kiğı (Bingöl)"
561003,"2023-03-10T14:42:13",37.236,37.501,5,"ML",3.3,"Pazarcık (Kahramanmaraş)"
560946,"2023-03-10T12:58:44",36.657,38.092,7.16,"ML",3,"Göksun (Kahramanmaraş)"
560921,"2023-03-10T10:17:03",38.142,38.268,7.18,"ML",3,"Yeşilyurt (Malatya)"
560881,"2023-03-10T10:03:12",38.141,38.303,7.01,"ML",3,"Yeşilyurt (Malatya)"
560847,"2023-03-10T07:28:23",38.408,38.031,7,"ML",3.1,"Çelikhan (Adıyaman)"
560818,"2023-03-10T07:58:34",37.493,37.985,7.01,"MW",3.9,"Nurhak (Kahramanmaraş)"
560778,"2023-03-10T03:33:57",35.968,35.586,22.42,"ML",3,"Lazkiye (Suriye) - [33.94 km] Yayladağı (Hatay)"
560749,"2023-03-10T02:28:13",35.326,38.693,7,"MW",4.8,"Hacılar (Kayseri)"
560714,"2023-03-09T23:34:16",38.486,38.125,7.24,"MW",4.1,"Sincik (Adıyaman)"
560707,"2023-03-09T22:33:15",36.173,37.967,7,"ML",3,"Saimbeyli (Adana)"
560696,"2023-03-09T22:08:37",35.51,35.511,21.91,"ML",3,"Akdeniz"
560695,"2023-03-09T22:22:05",36.993,41.964,19.26,"MW",4,"Karadeniz - [69.71 km] Çarşamba (Samsun)"
560680,"2023-03-09T21:08:48",36.912,37.141,7,"MW",4.1,"Nurdağı (Gaziantep)"
560646,"2023-03-09T18:55:27",38.442,38.107,9.6,"MW",4.5,"Sincik (Adıyaman)"
560644,"2023-03-09T18:29:04",37.642,37.998,6.99,"ML",3.1,"Doğanşehir (Malatya)"
560628,"2023-03-09T17:57:20",38.006,38.209,11.71,"ML",3.3,"Yeşilyurt (Malatya)"
560615,"2023-03-09T16:40:03",38.489,38.107,7,"ML",3.4,"Sincik (Adıyaman)"
560605,"2023-03-09T16:09:33",38.076,38.575,7,"ML",3.6,"Yazıhan (Malatya)"
560602,"2023-03-09T15:55:45",36.886,37.332,6.92,"ML",3.3,"Türkoğlu (Kahramanmaraş)"
560588,"2023-03-09T13:48:11",37.133,38.046,7,"ML",3,"Ekinözü (Kahramanmaraş)"
560579,"2023-03-09T12:15:15",36.557,38.049,6.27,"ML",3.2,"Göksun (Kahramanmaraş)"
560578,"2023-03-09T12:10:00",36.157,37.859,8.1,"ML",3,"Saimbeyli (Adana)"
560569,"2023-03-09T12:15:15",36.558,38.029,12.26,"ML",3.1,"Göksun (Kahramanmaraş)"
560568,"2023-03-09T12:10:00",36.154,37.858,10.3,"ML",3,"Saimbeyli (Adana)"
560545,"2023-03-09T09:29:39",38.671,38.162,6.89,"ML",3,"Pütürge (Malatya)"
560523,"2023-03-09T08:17:23",37.818,38.052,7.06,"ML",3.1,"Doğanşehir (Malatya)"
560522,"2023-03-09T07:50:41",38.189,37.943,7,"ML",3.1,"Merkez (Adıyaman)"
560518,"2023-03-09T07:47:38",37.461,38.108,7,"ML",3.1,"Elbistan (Kahramanmaraş)"
560516,"2023-02-23T21:42:45",39.646,38.54,9.89,"ML",3,"Maden (Elazığ)"
560496,"2023-03-09T06:54:42",37.853,38.122,15.35,"ML",3.1,"Doğanşehir (Malatya)"
560491,"2023-03-09T06:31:11",36.537,38.01,6.96,"ML",3.2,"Göksun (Kahramanmaraş)"
560471,"2023-03-09T05:28:53",28.237,40.523,7,"MW",3.9,"Marmara Denizi - [14.41 km] Karacabey (Bursa)"
560469,"2023-03-09T05:06:06",38.42,38.121,7.02,"ML",3,"Yeşilyurt (Malatya)"
560467,"2023-03-09T05:01:06",36.27,42.497,14.1,"MW",3.8,"Karadeniz - [90.40 km] Bafra (Samsun)"
560450,"2023-03-09T03:58:23",37.05,38.171,7,"ML",3.4,"Afşin (Kahramanmaraş)"
560425,"2023-03-09T02:13:52",39.507,38.546,7,"ML",3.1,"Maden (Elazığ)"
560418,"2023-03-09T01:43:25",38.571,38.213,7,"ML",3,"Battalgazi (Malatya)"
560416,"2023-03-09T01:20:09",40.443,38.561,6.96,"ML",3,"Lice (Diyarbakır)"
560367,"2023-03-08T21:44:04",37.037,37.299,7,"MW",4,"Pazarcık (Kahramanmaraş)"
560366,"2023-03-08T21:37:09",36.732,37.221,8.29,"ML",3.2,"Nurdağı (Gaziantep)"
560273,"2023-03-08T14:45:37",36.071,36.038,6.66,"ML",3.2,"Yayladağı (Hatay)"
560272,"2023-03-08T14:52:00",36.623,37.865,7,"MW",3.7,"Onikişubat (Kahramanmaraş)"
560271,"2023-03-08T14:44:04",37.659,38.075,10.79,"ML",3,"Doğanşehir (Malatya)"
560261,"2023-03-08T13:47:02",36.141,36.294,7,"ML",3.4,"Antakya (Hatay)"
560216,"2023-03-08T11:20:08",35.466,36.254,7,"ML",3.1,"Akdeniz - [29.34 km] Arsuz (Hatay)"
560201,"2023-03-08T10:08:11",36.142,37.324,4.53,"MW",3.4,"Kadirli (Osmaniye)"
560174,"2023-03-07T11:57:07",35.289,38.685,7,"ML",3,"İncesu (Kayseri)"
560165,"2023-03-08T09:30:19",36.337,37.902,15.2,"ML",3.8,"Göksun (Kahramanmaraş)"
560163,"2023-03-08T09:26:28",36.674,37.893,11.25,"ML",3.7,"Onikişubat (Kahramanmaraş)"
560161,"2023-03-08T09:02:24",38.562,38.206,13.5,"ML",3.4,"Battalgazi (Malatya)"
560152,"2023-03-08T08:41:53",36.028,36.25,13.91,"ML",3.1,"Samandağ (Hatay)"
560116,"2023-03-07T12:15:54",35.324,38.694,25.33,"ML",3.4,"Hacılar (Kayseri)"
560112,"2023-03-08T06:52:58",36.557,38.095,10.93,"ML",3.4,"Göksun (Kahramanmaraş)"
560103,"2023-03-08T06:12:39",36.265,37.923,12.63,"ML",3,"Saimbeyli (Adana)"
560102,"2023-03-08T06:05:02",37.108,38.176,4.4,"ML",3,"Elbistan (Kahramanmaraş)"
560077,"2023-03-08T04:28:36",35.918,36.213,6.3,"MW",3.3,"Samandağ (Hatay)"
560039,"2023-03-08T02:46:22",35.254,35.49,7.12,"ML",3.1,"Akdeniz"
560034,"2023-03-08T03:03:59",35.364,35.462,13.71,"ML",3,"Akdeniz"
560027,"2023-03-08T03:23:37",37.239,38.085,6.83,"MW",3.5,"Elbistan (Kahramanmaraş)"
559972,"2023-03-07T23:21:01",36.304,37.92,7,"ML",3,"Göksun (Kahramanmaraş)"
559961,"2023-03-07T22:23:09",38.652,38.093,6.99,"ML",3.2,"Pütürge (Malatya)"
559934,"2023-03-07T20:28:43",36.341,37.883,6.97,"MW",3.2,"Göksun (Kahramanmaraş)"
559933,"2023-03-07T20:30:30",38.314,38.069,5.12,"MW",3.5,"Çelikhan (Adıyaman)"
559930,"2023-03-07T20:18:18",38.154,38.179,8.6,"MW",3.7,"Yeşilyurt (Malatya)"
559927,"2023-03-07T20:01:53",36.363,37.904,7,"ML",3.2,"Göksun (Kahramanmaraş)"
559903,"2023-03-07T17:56:21",36.32,37.868,7,"ML",3.1,"Göksun (Kahramanmaraş)"
559902,"2023-03-07T17:55:39",36.349,37.889,7,"MW",3.7,"Göksun (Kahramanmaraş)"
559894,"2023-03-07T17:10:23",38.25,38.269,7.04,"ML",3,"Yeşilyurt (Malatya)"
559889,"2023-03-07T17:05:05",37.377,38.317,7,"ML",3.2,"Elbistan (Kahramanmaraş)"
559861,"2023-03-07T15:08:22",38.677,38.19,7.61,"ML",3.1,"Pütürge (Malatya)"
559854,"2023-03-07T14:28:35",36.656,37.924,6.67,"ML",3.1,"Onikişubat (Kahramanmaraş)"
559840,"2023-03-07T14:18:20",37.407,38.828,7,"MW",4.2,"Gürün (Sivas)"
559810,"2023-03-07T13:02:07",36.616,37.101,7,"ML",3.1,"İslahiye (Gaziantep)"
559808,"2023-02-15T20:59:35",36.939,38.075,6.98,"ML",3.2,"Göksun (Kahramanmaraş)"
559767,"2023-03-07T11:48:03",35.32,38.701,7,"MW",4.4,"Hacılar (Kayseri)"
559759,"2023-03-07T11:53:38",35.263,38.707,8.52,"MW",4.3,"İncesu (Kayseri)"
559756,"2023-03-07T11:47:27",35.283,38.699,16.4,"MW",4.7,"İncesu (Kayseri)"
559754,"2023-03-07T11:30:54",37.512,38.003,7,"ML",3.8,"Nurhak (Kahramanmaraş)"
559744,"2023-03-07T11:13:50",36.301,37.877,17.72,"MW",3.7,"Göksun (Kahramanmaraş)"
559731,"2023-03-07T10:07:53",37.382,38.029,7,"ML",3.3,"Nurhak (Kahramanmaraş)"
559728,"2023-03-07T09:40:11",36.55,37.711,7.52,"MW",4.4,"Onikişubat (Kahramanmaraş)"
559712,"2023-03-07T08:33:39",37.844,38.076,6.98,"ML",3.2,"Doğanşehir (Malatya)"
559706,"2023-03-07T06:44:46",39.059,38.234,7,"ML",3,"Doğanyol (Malatya)"
559694,"2023-03-07T08:36:30",27.764,40.826,8.63,"MW",3.6,"Marmara Denizi - [21.16 km] Marmaraereğlisi (Tekirdağ)"
559664,"2023-03-07T07:40:02",38.686,38.209,7.02,"ML",3.5,"Pütürge (Malatya)"
559663,"2023-03-07T07:30:16",38.474,38.106,8.49,"ML",3,"Sincik (Adıyaman)"
559660,"2023-03-07T07:32:37",36.268,37.922,16.33,"ML",3.1,"Saimbeyli (Adana)"
559619,"2023-03-07T05:55:23",37.809,38.124,16.5,"ML",3.2,"Doğanşehir (Malatya)"
559614,"2023-03-07T05:38:00",36.636,37.143,5.92,"ML",3.4,"İslahiye (Gaziantep)"
559571,"2023-03-07T03:55:52",36.549,35.52,10.8,"ML",3,"Ma'arrat al-Numan, İdlib (Suriye) - [51.82 km] Yayladağı (Hatay)"
559479,"2023-03-07T00:20:43",37.455,38.026,7,"ML",3.2,"Elbistan (Kahramanmaraş)"
559457,"2023-03-06T23:41:15",36.106,36.102,6.26,"ML",3.3,"Defne (Hatay)"
559428,"2023-03-06T22:34:58",38.484,38.088,8.1,"ML",3.2,"Sincik (Adıyaman)"
559426,"2023-03-06T22:33:17",36.942,37.166,7,"ML",3.3,"Nurdağı (Gaziantep)"
559409,"2023-03-06T22:14:57",36.123,36.123,7.05,"MW",4.1,"Defne (Hatay)"
559392,"2023-03-06T21:32:18",40.735,39.912,7,"ML",3.3,"Aşkale (Erzurum)"
559378,"2023-03-06T21:07:50",36.744,37.245,7.86,"ML",3,"Türkoğlu (Kahramanmaraş)"
559366,"2023-03-06T20:34:58",36.369,37.875,7,"ML",3.1,"Göksun (Kahramanmaraş)"
559361,"2023-03-06T20:37:13",35.878,36.134,7,"ML",3.1,"Akdeniz - [05.38 km] Samandağ (Hatay)"
559360,"2023-03-06T20:52:54",36.142,36.104,6.05,"ML",3.5,"Yayladağı (Hatay)"
559326,"2023-03-06T19:04:48",40.752,39.924,7,"ML",3.1,"Aşkale (Erzurum)"
559321,"2023-03-06T18:58:11",40.743,39.907,7.01,"ML",3.7,"Aşkale (Erzurum)"
559320,"2023-03-06T18:54:51",40.755,39.908,7.01,"ML",3.5,"Aşkale (Erzurum)"
559315,"2023-03-06T18:43:38",36.553,37.965,7,"ML",3.1,"Göksun (Kahramanmaraş)"
559304,"2023-03-06T17:48:57",40.761,39.912,7,"ML",3,"Aşkale (Erzurum)"
559279,"2023-03-06T17:14:19",40.742,39.916,7,"ML",3.5,"Aşkale (Erzurum)"
559257,"2023-03-06T15:46:10",35.842,36.201,7,"ML",3.1,"Akdeniz - [10.14 km] Samandağ (Hatay)"
559241,"2023-03-06T15:04:19",36.19,35.985,7,"ML",3.2,"Yayladağı (Hatay)"
559227,"2023-03-06T14:02:05",36.343,37.894,10.77,"ML",3.2,"Göksun (Kahramanmaraş)"
559184,"2023-03-06T11:42:06",36.384,37.987,10.36,"ML",3.3,"Göksun (Kahramanmaraş)"
559162,"2023-03-06T13:03:24",37.283,38.239,13.02,"MW",4,"Elbistan (Kahramanmaraş)"
559156,"2023-03-06T12:31:07",36.727,37.144,12.7,"ML",3,"Nurdağı (Gaziantep)"
559085,"2023-03-06T11:02:58",35.953,36.351,7,"MW",4.1,"Arsuz (Hatay)"
559007,"2023-03-06T08:14:16",36.152,36.108,22.54,"ML",3.5,"Yayladağı (Hatay)"
558901,"2023-03-06T06:27:27",36.675,38.081,7,"ML",3.5,"Göksun (Kahramanmaraş)"
558893,"2023-03-06T06:41:29",36.349,37.891,7,"ML",3.1,"Göksun (Kahramanmaraş)"
558860,"2023-03-06T05:51:08",37.921,37.891,12.13,"MW",3.9,"Tut (Adıyaman)"
558841,"2023-03-06T04:57:33",41.021,38.973,13.29,"MW",4.2,"Solhan (Bingöl)"
558830,"2023-03-06T04:13:56",36.191,37.623,9.88,"MW",3.7,"Kadirli (Osmaniye)"
558816,"2023-03-06T03:12:38",37.685,38.051,7.04,"ML",3.2,"Doğanşehir (Malatya)"
558810,"2023-03-06T02:22:52",35.937,36.248,7.2,"ML",3.1,"Samandağ (Hatay)"
558809,"2023-03-06T02:16:03",35.964,36.253,6.97,"MW",3.5,"Samandağ (Hatay)"
558784,"2023-03-06T00:48:49",36.375,38.267,7,"ML",3.1,"Tufanbeyli (Adana)"
558782,"2023-03-06T00:41:52",26.22,38.011,20.3,"ML",3,"Ege Denizi - [29.53 km] Çeşme (İzmir)"
558775,"2023-03-06T00:18:55",36.237,37.931,10.27,"MW",3.5,"Saimbeyli (Adana)"
558764,"2023-03-05T23:40:00",36.613,38.064,6.99,"ML",3.2,"Göksun (Kahramanmaraş)"
558757,"2023-03-05T23:24:03",36.258,37.925,8.46,"MW",3.6,"Saimbeyli (Adana)"
558740,"2023-03-05T22:25:15",35.266,38.692,7,"ML",3.2,"İncesu (Kayseri)"
558737,"2023-03-05T22:06:27",37.488,38.102,6.98,"ML",3,"Elbistan (Kahramanmaraş)"
558725,"2023-03-05T21:50:12",36.687,37.999,6.99,"MW",3.7,"Göksun (Kahramanmaraş)"
558722,"2023-03-05T21:37:11",36.256,37.941,7.68,"ML",3.4,"Saimbeyli (Adana)"
558712,"2023-03-05T20:49:46",36.158,36.762,5.39,"MW",4.5,"Akdeniz - İskenderun Körfezi - [04.35 km] Payas (Hatay)"
558695,"2023-03-05T19:23:24",37.852,38.135,6.99,"ML",3.3,"Doğanşehir (Malatya)"
558688,"2023-03-05T19:07:15",36.552,38.06,7,"MW",3.7,"Göksun (Kahramanmaraş)"
558666,"2023-03-05T16:54:36",35.32,38.713,17.04,"ML",3,"Hacılar (Kayseri)"
558641,"2023-03-05T16:03:21",40.876,38.59,7.11,"ML",3.4,"Kulp (Diyarbakır)"
558632,"2023-03-05T15:49:21",37.815,38.289,10.75,"ML",3.2,"Akçadağ (Malatya)"
558621,"2023-03-05T14:36:07",25.951,40.405,12.87,"ML",3.1,"Ege Denizi - [19.53 km] Gökçeada (Çanakkale)"
558577,"2023-03-05T12:19:19",36.617,37.886,7.17,"ML",3.5,"Onikişubat (Kahramanmaraş)"
558569,"2023-03-05T12:08:08",36.855,38.139,7,"ML",3.6,"Afşin (Kahramanmaraş)"
558499,"2023-03-05T08:33:35",37.632,38.041,10.41,"ML",3.1,"Doğanşehir (Malatya)"
558498,"2023-03-05T08:44:23",38.058,38.186,10.78,"ML",3.1,"Yeşilyurt (Malatya)"
558480,"2023-03-05T07:42:51",40.361,39.177,7,"ML",3,"Kiğı (Bingöl)"
558467,"2023-03-05T06:54:45",37.009,37.465,7.94,"ML",3,"Dulkadiroğlu (Kahramanmaraş)"
558452,"2023-03-05T06:25:39",38.174,34.542,5.91,"MW",4,"Palmyra, Humus (Suriye)"
558429,"2023-03-05T05:28:07",30.962,40.787,7.89,"ML",3,"Gölyaka (Düzce)"
558418,"2023-03-05T05:03:32",36.909,37.169,7,"ML",3.3,"Nurdağı (Gaziantep)"
558369,"2023-03-05T01:30:15",36.479,36.897,7,"ML",3.1,"Hassa (Hatay)"
558368,"2023-03-05T01:24:52",42.777,40.99,8.17,"ML",3.4,"Merkez (Ardahan)"
558362,"2023-03-05T01:11:19",36.631,37.849,7,"ML",3.7,"Onikişubat (Kahramanmaraş)"
558340,"2023-03-04T23:52:49",36.939,37.14,7,"ML",3.1,"Nurdağı (Gaziantep)"
558298,"2023-03-04T20:53:41",40.334,38.517,7,"ML",3,"Genç (Bingöl)"
558296,"2023-03-04T20:59:40",40.339,38.528,14.27,"MW",4.1,"Genç (Bingöl)"
558273,"2023-03-04T19:15:52",40.271,38.497,21.24,"ML",3,"Arıcak (Elazığ)"
558251,"2023-03-04T17:54:26",37.268,38.024,13.54,"ML",3.5,"Nurhak (Kahramanmaraş)"
558242,"2023-03-04T17:17:26",36.895,37.369,6.03,"ML",3.4,"Türkoğlu (Kahramanmaraş)"
558227,"2023-03-04T16:17:18",38.108,38.174,7,"ML",3.1,"Yeşilyurt (Malatya)"
558190,"2023-03-04T14:31:26",36.96,37.271,6.96,"ML",3.2,"Nurdağı (Gaziantep)"
558189,"2023-03-04T14:32:45",36.361,37.944,7,"ML",3.3,"Göksun (Kahramanmaraş)"
558185,"2023-03-04T14:09:14",38.37,38.07,5.48,"ML",3.1,"Çelikhan (Adıyaman)"
558151,"2023-03-04T12:19:25",38.418,38.096,7,"ML",3.1,"Çelikhan (Adıyaman)"
558145,"2023-03-04T12:12:47",38.585,38.276,6.98,"ML",3.1,"Battalgazi (Malatya)"
558139,"2023-03-04T11:53:28",36.758,38.055,7,"ML",3.3,"Göksun (Kahramanmaraş)"
558136,"2023-03-04T11:49:47",38.242,38.304,7,"ML",3,"Yeşilyurt (Malatya)"
558129,"2023-03-04T11:36:52",37.635,38.102,7,"ML",3,"Elbistan (Kahramanmaraş)"
558111,"2023-03-04T10:24:49",35.391,35.436,7.1,"ML",3.3,"Akdeniz"
558110,"2023-03-04T10:26:24",36.991,37.493,4.63,"MW",4,"Dulkadiroğlu (Kahramanmaraş)"
558096,"2023-03-04T09:42:57",37.31,37.595,7,"ML",3,"Pazarcık (Kahramanmaraş)"
558084,"2023-03-04T09:04:56",36.59,37.831,7,"ML",3.2,"Onikişubat (Kahramanmaraş)"
558078,"2023-03-04T08:57:40",36.07,36.124,6.58,"ML",3,"Defne (Hatay)"
558045,"2023-03-04T07:34:08",36.157,37.878,7,"ML",3.1,"Saimbeyli (Adana)"
558040,"2023-03-04T07:12:40",39.67,38.583,7,"ML",3,"Merkez (Elazığ)"
558026,"2023-03-04T06:15:50",37.871,38.109,6.95,"ML",3.1,"Doğanşehir (Malatya)"
558010,"2023-03-04T05:27:33",38.244,38.109,7,"MW",4.4,"Çelikhan (Adıyaman)"
558009,"2023-03-04T05:26:19",38.091,38.86,9.07,"MW",3.6,"Hekimhan (Malatya)"
557979,"2023-03-04T03:03:41",36.157,36.27,7.23,"MW",4,"Antakya (Hatay)"
557931,"2023-03-04T00:20:09",36.262,38.122,7,"MW",4.1,"Tufanbeyli (Adana)"
557926,"2023-03-03T23:30:46",36.569,37.994,7,"MW",3.6,"Göksun (Kahramanmaraş)"
557924,"2023-03-03T23:17:53",44.934,38.497,7,"MW",3.8,"Khoy, West Azarbaijan (İran) - [47.33 km] Başkale (Van)"
557921,"2023-03-03T22:54:32",36.482,36.916,7,"ML",3,"İslahiye (Gaziantep)"
557913,"2023-03-03T22:25:17",36.045,36.987,7,"ML",3.2,"Erzin (Hatay)"
557903,"2023-03-03T21:45:47",36.431,37.05,7,"ML",3,"Merkez (Osmaniye)"
557901,"2023-03-03T21:48:48",36.562,38.026,7.02,"ML",3.2,"Göksun (Kahramanmaraş)"
557886,"2023-03-03T20:45:01",38.452,38.091,8.1,"ML",3.2,"Çelikhan (Adıyaman)"
557865,"2023-03-03T19:34:45",36.006,36.251,7.12,"MW",3.6,"Samandağ (Hatay)"
557862,"2023-03-03T19:15:17",34.729,40.315,7,"ML",3,"Merkez (Çorum)"
557837,"2023-03-03T17:07:44",37.62,33.835,7.21,"MW",3.7,"Palmyra, Humus (Suriye)"
557824,"2023-03-03T16:27:58",36.602,37.952,7.02,"MW",3.1,"Onikişubat (Kahramanmaraş)"
557812,"2023-03-03T15:22:12",35.911,36.33,6.69,"ML",3,"Arsuz (Hatay)"
557809,"2023-03-03T15:15:23",38.186,38.243,8.02,"ML",3,"Yeşilyurt (Malatya)"
557808,"2023-03-03T14:52:34",37.891,37.811,9.67,"ML",3,"Tut (Adıyaman)"
557795,"2023-03-03T14:18:41",36.868,37.441,7,"ML",3.8,"Türkoğlu (Kahramanmaraş)"
557788,"2023-03-03T14:04:21",27.289,38.875,7,"ML",3.6,"Yunusemre (Manisa)"
557746,"2023-03-03T12:30:10",35.741,36.157,6.85,"ML",3,"Akdeniz - [15.83 km] Arsuz (Hatay)"
557730,"2023-03-03T12:05:28",36.002,36.175,5.12,"ML",3.1,"Samandağ (Hatay)"
557721,"2023-02-15T05:53:55",36.305,36.001,7,"ML",3.2,"Cisr eş Şuğur, İdlib (Suriye) - [02.87 km] Altınözü (Hatay)"
557690,"2023-02-15T05:10:52",26.012,38.128,11.54,"MW",3.6,"Ege Denizi - [27.06 km] Çeşme (İzmir)"
557643,"2023-03-03T09:49:16",37.109,37.502,7.94,"ML",3.3,"Dulkadiroğlu (Kahramanmaraş)"
557638,"2023-03-03T09:33:11",36.444,37.928,6.99,"ML",3.3,"Göksun (Kahramanmaraş)"
557614,"2023-02-14T02:18:16",32.022,38.221,7,"MW",3,"Ilgın (Konya)"
557596,"2023-03-03T08:51:49",35.923,36.068,6.37,"ML",3,"Akdeniz - Antakya Körfezi - [03.87 km] Samandağ (Hatay)"
557556,"2023-03-03T08:04:21",36.29,37.96,7.02,"ML",3.9,"Göksun (Kahramanmaraş)"
557552,"2023-03-03T07:42:12",36.896,37.318,15.61,"ML",3.4,"Nurdağı (Gaziantep)"
557547,"2023-03-03T07:40:53",38.757,38.327,8.4,"ML",3.3,"Kale (Malatya)"
557525,"2023-03-03T07:13:05",37.831,38.115,9.84,"ML",3,"Doğanşehir (Malatya)"
557522,"2023-03-03T07:11:13",37.184,37.472,9.29,"ML",3,"Dulkadiroğlu (Kahramanmaraş)"
557509,"2023-03-03T06:44:15",38.677,38.19,7.03,"ML",3.9,"Pütürge (Malatya)"
557501,"2023-03-03T06:38:48",36.246,36.408,9.65,"ML",3.1,"Antakya (Hatay)"
557471,"2023-03-03T06:06:40",36.615,37.834,7.07,"ML",3.3,"Onikişubat (Kahramanmaraş)"
557428,"2023-03-03T04:58:53",36.632,37.802,7,"ML",3.2,"Onikişubat (Kahramanmaraş)"
557424,"2023-03-03T04:39:46",36.624,37.831,9.87,"MW",3.9,"Onikişubat (Kahramanmaraş)"
557399,"2023-03-03T03:06:19",37.878,37.723,6.86,"ML",3,"Besni (Adıyaman)"
557398,"2023-03-03T03:00:09",36.635,37.841,7,"ML",3.3,"Onikişubat (Kahramanmaraş)"
557393,"2023-03-03T02:51:25",37.191,38.081,7.07,"ML",3.2,"Ekinözü (Kahramanmaraş)"
557392,"2023-03-03T03:04:56",36.608,37.834,7.01,"ML",3.4,"Onikişubat (Kahramanmaraş)"
557391,"2023-03-03T02:53:42",36.602,37.847,7.06,"MW",5,"Onikişubat (Kahramanmaraş)"
557381,"2023-03-03T01:56:36",38.037,38.189,9.12,"ML",3,"Yeşilyurt (Malatya)"
557343,"2023-03-03T00:10:48",38.498,38.117,7.08,"ML",3.3,"Sincik (Adıyaman)"
557254,"2023-03-02T20:16:43",36.596,38.052,7.84,"MW",3.9,"Göksun (Kahramanmaraş)"
557172,"2023-03-02T16:10:37",36.081,36.092,8.22,"ML",3.4,"Defne (Hatay)"
557166,"2023-03-02T15:38:19",36.63,37.771,6.98,"ML",3,"Onikişubat (Kahramanmaraş)"
557164,"2023-03-02T15:45:38",38.29,38.286,9.11,"ML",3,"Yeşilyurt (Malatya)"
557157,"2023-03-02T15:23:27",36.363,37.973,10.86,"ML",3.3,"Göksun (Kahramanmaraş)"
557117,"2023-03-02T13:35:53",38.156,38.217,7.11,"ML",3.7,"Yeşilyurt (Malatya)"
557081,"2023-03-02T12:40:00",36.121,37.737,7,"ML",3.6,"Sumbas (Osmaniye)"
556906,"2023-03-02T06:29:49",38.499,38.137,7.02,"ML",3.4,"Sincik (Adıyaman)"
556895,"2023-03-02T06:05:54",37.148,38.043,7,"ML",3.2,"Ekinözü (Kahramanmaraş)"
556890,"2023-03-02T05:57:28",36.275,36.383,7,"ML",3.5,"Antakya (Hatay)"
556781,"2023-03-02T01:18:46",37.034,38.079,5.66,"MW",3.8,"Kandil Barajı - [04.35 km] Ekinözü (Kahramanmaraş)"
556776,"2023-03-02T00:54:02",37.041,38.141,10.37,"ML",3,"Afşin (Kahramanmaraş)"
556766,"2023-03-02T00:16:11",38.639,39.963,6.47,"ML",3.3,"Refahiye (Erzincan)"
556723,"2023-03-01T22:52:13",36.371,37.971,9.4,"MW",3.6,"Göksun (Kahramanmaraş)"
556602,"2023-03-01T18:04:14",36.854,37.41,7,"ML",3.5,"Türkoğlu (Kahramanmaraş)"
556557,"2023-03-01T16:55:16",36.67,38.141,7,"ML",3.1,"Göksun (Kahramanmaraş)"
556555,"2023-03-01T16:38:00",37.025,37.304,7.6,"ML",4.3,"Türkoğlu (Kahramanmaraş)"
556505,"2023-03-01T14:01:58",35.275,38.704,7.04,"ML",3,"İncesu (Kayseri)"
556492,"2023-03-01T13:18:31",36.718,38.133,10.17,"ML",3.1,"Göksun (Kahramanmaraş)"
556490,"2023-03-01T12:51:01",36.401,37.981,7.06,"ML",3.1,"Göksun (Kahramanmaraş)"
556485,"2023-03-01T12:42:51",37.661,37.973,16.67,"ML",3.5,"Doğanşehir (Malatya)"
556463,"2023-03-01T10:00:17",29.001,36.847,11.82,"ML",3.1,"Dalaman (Muğla)"
556457,"2023-03-01T11:06:56",37.652,38.029,15.22,"ML",3.7,"Doğanşehir (Malatya)"
556451,"2023-03-01T10:52:36",43.858,41.304,4.31,"MW",4.1,"Ninotsminda, Samtskhe-Javakheti (Gürcistan) - [42.85 km] Akyaka (Kars)"
556415,"2023-03-01T08:32:28",38.254,38.303,5.6,"ML",3.2,"Yeşilyurt (Malatya)"
556414,"2023-03-01T08:55:52",35.284,38.708,12.16,"ML",3.1,"İncesu (Kayseri)"
556389,"2023-03-01T07:05:01",36.206,36.829,10.09,"ML",3.3,"Dörtyol (Hatay)"
556383,"2023-03-01T07:20:22",36.073,36.318,11.06,"MW",4.4,"Antakya (Hatay)"
556292,"2023-03-01T04:15:30",37.856,37.833,7,"MW",4.2,"Tut (Adıyaman)"
556282,"2023-03-01T03:37:04",36.476,38.292,7,"ML",3.1,"Sarız (Kayseri)"
556241,"2023-03-01T02:23:21",37.044,38.017,7,"MW",4.4,"Ekinözü (Kahramanmaraş)"
556239,"2023-03-01T02:11:30",38.436,38.103,7,"ML",3,"Çelikhan (Adıyaman)"
556228,"2023-03-01T01:44:25",36.335,37.892,6.38,"ML",3,"Göksun (Kahramanmaraş)"
556204,"2023-03-01T00:48:46",37.774,38.092,7,"ML",3.1,"Doğanşehir (Malatya)"
556189,"2023-03-01T00:28:47",38.286,38.273,5.49,"ML",3.1,"Yeşilyurt (Malatya)"
556161,"2023-02-28T23:32:10",37.037,37.311,9.32,"MW",4,"Türkoğlu (Kahramanmaraş)"
556085,"2023-02-28T21:17:44",36.438,38.052,7,"MW",3.7,"Göksun (Kahramanmaraş)"
556081,"2023-02-28T21:06:18",37.244,38.29,7,"ML",3,"Elbistan (Kahramanmaraş)"
556019,"2023-02-28T18:51:44",37.036,37.326,7.14,"ML",3.9,"Türkoğlu (Kahramanmaraş)"
556010,"2023-02-28T18:21:27",36.597,37.787,7.06,"ML",3.1,"Onikişubat (Kahramanmaraş)"
556008,"2023-02-28T18:29:14",38.422,38.089,7.25,"ML",3.1,"Çelikhan (Adıyaman)"
555989,"2023-02-28T17:16:48",36.555,36.88,5.71,"ML",3,"İslahiye (Gaziantep)"
555982,"2023-02-28T17:05:50",36.036,36.331,7,"ML",3,"Belen (Hatay)"
555976,"2023-02-28T16:59:09",35.301,38.749,7,"MW",4,"İncesu (Kayseri)"
555943,"2023-02-28T15:52:09",37.781,38.086,10.42,"ML",3.3,"Doğanşehir (Malatya)"
555930,"2023-02-28T15:16:38",35.29,38.747,7,"MW",4.4,"İncesu (Kayseri)"
555926,"2023-02-28T14:49:15",36.647,37.842,13.61,"MW",4.1,"Onikişubat (Kahramanmaraş)"
555921,"2023-02-28T14:39:53",36.628,37.837,9.88,"MW",4.5,"Onikişubat (Kahramanmaraş)"
555889,"2023-02-28T13:51:46",38.313,38.275,7,"MW",3.3,"Battalgazi (Malatya)"
555877,"2023-02-26T13:39:17",38.478,38.068,8.33,"ML",3,"Sincik (Adıyaman)"
555866,"2023-02-28T13:15:07",38.691,38.184,11.06,"MW",3.4,"Pütürge (Malatya)"
555844,"2023-02-28T12:48:08",37.434,37.677,10.06,"MW",3.2,"Pazarcık (Kahramanmaraş)"
555840,"2023-02-26T04:52:10",37.535,38.427,6.91,"ML",3.2,"Darende (Malatya)"
555833,"2023-02-28T12:42:15",36.252,37.385,12.93,"MW",4.1,"Kadirli (Osmaniye)"
555823,"2023-02-28T12:18:36",37.699,38.043,7.01,"ML",3,"Doğanşehir (Malatya)"
555785,"2023-02-28T10:48:28",36.685,37.16,7,"MW",3.1,"Nurdağı (Gaziantep)"
555771,"2023-02-28T10:23:38",37.074,37.288,7,"MW",3.8,"Pazarcık (Kahramanmaraş)"
555760,"2023-02-28T09:55:32",36.362,37.965,7,"MW",3.2,"Göksun (Kahramanmaraş)"
555750,"2023-02-28T09:34:18",37.091,37.288,7.03,"ML",3.4,"Pazarcık (Kahramanmaraş)"
555731,"2023-02-28T08:59:17",37.79,38.109,8.35,"MW",3.2,"Doğanşehir (Malatya)"
555703,"2023-02-28T08:18:22",38.542,38.118,7.77,"MW",3.6,"Sincik (Adıyaman)"
555663,"2023-02-28T07:26:20",37.517,38.021,7.19,"MW",3.3,"Nurhak (Kahramanmaraş)"
555660,"2023-02-28T07:26:13",36.41,37.954,6.89,"MW",3.5,"Göksun (Kahramanmaraş)"
555638,"2023-02-28T06:46:33",36.374,36.701,7.39,"ML",3,"Hassa (Hatay)"
555636,"2023-02-28T06:57:35",37.52,38.098,7,"MW",3.5,"Elbistan (Kahramanmaraş)"
555623,"2023-02-28T06:38:14",37.766,38.108,7,"MW",4.1,"Doğanşehir (Malatya)"
555603,"2023-02-28T06:26:49",37.464,38.094,7,"MW",3.7,"Elbistan (Kahramanmaraş)"
555593,"2023-02-28T05:56:27",37.425,38.006,7.02,"ML",3.1,"Nurhak (Kahramanmaraş)"
555565,"2023-02-28T04:29:15",36.396,37.973,7.69,"MW",3.6,"Göksun (Kahramanmaraş)"
555552,"2023-02-28T03:03:46",34.007,37.968,7,"ML",3,"Ereğli (Konya)"
555550,"2023-02-28T02:58:54",36.739,37.402,7,"MW",3.1,"Türkoğlu (Kahramanmaraş)"
555548,"2023-02-28T02:13:32",37.042,38.098,6.47,"ML",3.1,"Ekinözü (Kahramanmaraş)"
555547,"2023-02-28T02:18:58",38.268,38.281,7,"MW",4.1,"Yeşilyurt (Malatya)"
555531,"2023-02-28T00:45:41",38.086,38.186,12.17,"ML",3.4,"Yeşilyurt (Malatya)"
555511,"2023-02-28T00:17:35",40.395,39.15,11.08,"ML",3,"Adaklı (Bingöl)"
555508,"2023-02-27T23:35:16",38.287,38.31,7,"ML",3.4,"Yeşilyurt (Malatya)"
555499,"2023-02-27T23:17:10",36.922,37.241,6.94,"ML",3,"Nurdağı (Gaziantep)"
555488,"2023-02-27T22:46:39",37.901,37.919,7.06,"ML",3.1,"Doğanşehir (Malatya)"
555482,"2023-02-27T22:23:22",26.284,39.378,6.08,"MW",3.7,"Ege Denizi - [13.41 km] Ayvacık (Çanakkale)"
555440,"2023-02-27T19:43:32",36.893,38.1,9.48,"ML",3.3,"Göksun (Kahramanmaraş)"
555434,"2023-02-27T19:12:00",36.633,37.877,7,"MW",4,"Onikişubat (Kahramanmaraş)"
555413,"2023-02-27T18:22:21",26.701,38.638,14.5,"MW",4.1,"Ege Denizi - İzmir Körfezi - [04.87 km] Foça (İzmir)"
555400,"2023-02-27T17:34:59",38.087,38.184,7.35,"ML",3.3,"Yeşilyurt (Malatya)"
555380,"2023-02-27T16:16:45",37.576,37.934,7.34,"MW",4.1,"Gölbaşı (Adıyaman)"
555378,"2023-02-27T15:32:28",40.032,38.759,10.54,"ML",3.3,"Kovancılar (Elazığ)"
555376,"2023-02-27T15:25:56",36.636,38.055,7.16,"MW",3.2,"Göksun (Kahramanmaraş)"
555364,"2023-02-27T15:06:35",38.188,37.994,7.02,"MW",3.5,"Çelikhan (Adıyaman)"
555357,"2023-02-27T13:34:16",36.102,36.193,6.9,"ML",3,"Defne (Hatay)"
555344,"2023-02-27T13:36:40",37.534,37.969,7,"ML",3.5,"Nurhak (Kahramanmaraş)"
555331,"2023-02-27T13:52:27",37.585,37.936,7,"ML",3.6,"Gölbaşı (Adıyaman)"
555317,"2023-02-27T12:36:21",38.587,38.158,7,"ML",3.1,"Battalgazi (Malatya)"
555299,"2023-02-27T12:45:56",35.946,36.246,7.26,"ML",3.1,"Samandağ (Hatay)"
555271,"2023-02-27T10:47:53",36.592,37.909,7,"ML",3,"Onikişubat (Kahramanmaraş)"
555235,"2023-02-27T09:36:40",36.036,37.816,7,"ML",3,"Feke (Adana)"
555232,"2023-02-27T09:43:55",37.296,38.061,7,"ML",3.6,"Nurhak (Kahramanmaraş)"
555173,"2023-02-23T17:52:29",37.437,38.253,7,"ML",3.5,"Elbistan (Kahramanmaraş)"
555149,"2023-02-27T09:04:49",38.303,38.272,6.15,"MW",5.6,"Yeşilyurt (Malatya)"
555108,"2023-02-23T20:26:33",35.79,36.239,2.43,"ML",3,"Akdeniz - [06.13 km] Arsuz (Hatay)"
555096,"2023-02-23T20:12:35",35.288,35.732,8.37,"MW",3.6,"Akdeniz"
555068,"2023-02-27T06:28:49",37.586,37.921,7.15,"ML",3.5,"Gölbaşı (Adıyaman)"
555059,"2023-02-27T06:28:40",38.693,38.184,10.2,"ML",3,"Pütürge (Malatya)"
555043,"2023-02-27T06:19:46",37.007,38.013,3.52,"MW",4.3,"Ekinözü (Kahramanmaraş)"
555021,"2023-02-27T05:11:37",38.136,38.176,7,"ML",3.1,"Yeşilyurt (Malatya)"
555012,"2023-02-27T04:47:46",37.234,38.054,7.34,"MW",3.6,"Ekinözü (Kahramanmaraş)"
554993,"2023-02-27T02:55:39",36.367,38.237,7,"ML",3.3,"Tufanbeyli (Adana)"
554982,"2023-02-27T02:51:20",37.584,37.932,8.51,"MW",5,"Gölbaşı (Adıyaman)"
554927,"2023-02-27T00:23:31",36.643,37.863,7,"ML",3.2,"Onikişubat (Kahramanmaraş)"
554925,"2023-02-26T23:45:18",35.859,36.114,23.59,"MW",3.6,"Akdeniz - [06.68 km] Samandağ (Hatay)"
554915,"2023-02-26T22:54:55",37.202,38.248,3.9,"ML",3,"Elbistan (Kahramanmaraş)"
554896,"2023-02-26T21:24:20",36.309,36.386,7,"ML",3,"Kumlu (Hatay)"
554880,"2023-02-26T20:33:14",37.194,38.083,7,"MW",3.8,"Ekinözü (Kahramanmaraş)"
554875,"2023-02-26T20:13:12",38.704,38.202,8.89,"MW",3.7,"Pütürge (Malatya)"
554818,"2023-02-26T17:25:29",36.912,37.356,7.18,"MW",3.5,"Türkoğlu (Kahramanmaraş)"
554765,"2023-02-26T14:16:31",36.541,37.986,6.88,"ML",3.1,"Göksun (Kahramanmaraş)"
554751,"2023-02-26T12:32:01",35.918,36.188,7,"ML",3.3,"Samandağ (Hatay)"
554711,"2023-02-26T10:48:22",36.029,36.331,6.58,"ML",3,"Arsuz (Hatay)"
554701,"2023-02-26T10:14:55",36.331,37.92,6.99,"ML",3.1,"Göksun (Kahramanmaraş)"
554689,"2023-02-26T09:19:33",37.438,38.001,7,"ML",3,"Nurhak (Kahramanmaraş)"
554681,"2023-02-26T08:59:25",36.253,36.561,7,"ML",3,"İskenderun (Hatay)"
554659,"2023-02-26T07:46:43",38.551,38.138,7.02,"ML",3.4,"Sincik (Adıyaman)"
554644,"2023-02-26T07:16:49",37.834,38.191,7.07,"MW",3.7,"Doğanşehir (Malatya)"
554637,"2023-02-26T06:11:50",37.891,38.15,7.02,"ML",3,"Doğanşehir (Malatya)"
554636,"2023-02-26T06:29:23",27.174,39.601,8.57,"MW",3.5,"Havran (Balıkesir)"
554634,"2023-02-26T06:02:47",38.688,38.192,7.3,"ML",3.3,"Pütürge (Malatya)"
554598,"2023-02-26T05:21:57",36.525,36.8,12.17,"MW",3.8,"Hassa (Hatay)"
554590,"2023-02-26T04:52:43",37.535,38.015,5.44,"ML",3.2,"Nurhak (Kahramanmaraş)"
554573,"2023-02-26T04:37:39",37.074,38.074,7,"MW",4,"Kandil Barajı - [01.78 km] Ekinözü (Kahramanmaraş)"
554551,"2023-02-26T03:58:53",36.078,36.273,6.25,"ML",3.2,"Antakya (Hatay)"
554543,"2023-02-26T03:26:51",36.574,38.073,7,"ML",3,"Göksun (Kahramanmaraş)"
554500,"2023-02-26T02:26:29",35.926,36.076,13.29,"MW",4.5,"Akdeniz - Antakya Körfezi - [03.25 km] Samandağ (Hatay)"
554482,"2023-02-26T01:16:46",37.036,37.342,7.21,"ML",3,"Türkoğlu (Kahramanmaraş)"
554436,"2023-02-25T23:46:46",37.362,38.252,8.74,"MW",3.6,"Elbistan (Kahramanmaraş)"
554426,"2023-02-25T22:58:37",36.636,38.083,6.58,"ML",3.3,"Göksun (Kahramanmaraş)"
554388,"2023-02-25T21:22:18",36.579,38.101,7,"ML",3.1,"Göksun (Kahramanmaraş)"
554387,"2023-02-25T21:17:56",36.481,37.977,7,"ML",3,"Göksun (Kahramanmaraş)"
554228,"2023-02-25T15:30:30",36.691,38.16,10.74,"MW",3.9,"Göksun (Kahramanmaraş)"
554214,"2023-02-25T14:51:49",36.393,36.754,11.35,"MW",3.7,"Hassa (Hatay)"
554210,"2023-02-25T14:35:22",38.707,38.193,8.22,"MW",3.9,"Pütürge (Malatya)"
554199,"2023-02-25T13:44:59",36.291,37.888,7.27,"ML",3,"Göksun (Kahramanmaraş)"
554182,"2023-02-25T12:41:12",37.046,38.061,5.32,"MW",4.7,"Ekinözü (Kahramanmaraş)"
554181,"2023-02-25T12:00:50",38.524,38.144,7,"ML",3,"Sincik (Adıyaman)"
554177,"2023-02-25T11:58:29",36.562,37.774,7.07,"MW",3.6,"Onikişubat (Kahramanmaraş)"
554159,"2023-02-25T10:48:18",38.689,38.184,8.42,"MW",3.7,"Pütürge (Malatya)"
554155,"2023-02-25T10:27:09",33.993,37.987,2.28,"MW",5.3,"Ereğli (Konya)"
554148,"2023-02-25T09:42:03",38.12,38.166,7.01,"ML",3,"Yeşilyurt (Malatya)"
554144,"2023-02-25T09:04:37",36.409,37.902,7,"ML",3.2,"Göksun (Kahramanmaraş)"
554140,"2023-02-25T08:58:39",37.491,38.386,7,"MW",4.2,"Darende (Malatya)"
554135,"2023-02-25T08:25:48",36.571,37.999,7,"ML",3.5,"Göksun (Kahramanmaraş)"
554122,"2023-02-25T08:03:33",37.876,38.139,7,"ML",3,"Doğanşehir (Malatya)"
554113,"2023-02-25T07:23:25",36.308,37.964,7,"ML",3.4,"Göksun (Kahramanmaraş)"
554112,"2023-02-25T07:28:18",37.592,37.99,7,"ML",3.5,"Doğanşehir (Malatya)"
554109,"2023-02-25T06:28:05",37.985,38.024,7,"ML",3.1,"Doğanşehir (Malatya)"
554100,"2023-02-25T06:23:05",36.811,38.099,7,"ML",3.2,"Göksun (Kahramanmaraş)"
554096,"2023-02-25T06:03:49",37.851,38.133,7.1,"MW",3.6,"Doğanşehir (Malatya)"
554078,"2023-02-25T04:51:37",38.683,38.204,6.96,"ML",3.2,"Pütürge (Malatya)"
554033,"2023-02-25T03:38:42",36.781,37.286,5.32,"ML",3.5,"Türkoğlu (Kahramanmaraş)"
553960,"2023-02-25T00:50:50",38.699,38.202,9.93,"MW",3.7,"Pütürge (Malatya)"
553958,"2023-02-25T00:50:29",36.491,37.961,7.01,"ML",3,"Göksun (Kahramanmaraş)"
553933,"2023-02-25T01:12:20",35.922,36.138,16.05,"MW",4,"Samandağ (Hatay)"
553921,"2023-02-25T00:28:09",41.024,39.001,12.5,"MW",4.4,"Solhan (Bingöl)"
553910,"2023-02-24T23:51:18",36.666,37.859,7.04,"ML",3,"Onikişubat (Kahramanmaraş)"
553885,"2023-02-24T23:25:28",43.474,36.276,16.15,"MW",4.3,"Al Hamdaniyah, Ninova (Irak) - [107.76 km] Şemdinli (Hakkari)"
553862,"2023-02-24T22:31:10",37.459,38,7.19,"MW",3.7,"Nurhak (Kahramanmaraş)"
553853,"2023-02-24T21:57:47",37.307,38.036,7.16,"ML",3.3,"Nurhak (Kahramanmaraş)"
553815,"2023-02-24T20:42:19",38.699,38.206,7.27,"ML",3.4,"Pütürge (Malatya)"
553812,"2023-02-24T20:28:08",38.101,38.204,7.03,"ML",3.1,"Yeşilyurt (Malatya)"
553807,"2023-02-24T20:37:06",37.142,38.031,7.01,"MW",3.9,"Ekinözü (Kahramanmaraş)"
553806,"2023-02-24T20:25:29",38.696,38.201,7,"MW",4.7,"Pütürge (Malatya)"
553802,"2023-02-24T20:10:46",35.122,35.547,21.67,"MW",4,"Akdeniz"
553795,"2023-02-24T19:53:05",36.207,36.344,6.9,"ML",3.1,"Antakya (Hatay)"
553793,"2023-02-24T19:50:18",37.788,38.12,7,"ML",3.1,"Doğanşehir (Malatya)"
553776,"2023-02-24T19:18:13",36.006,36.248,7.08,"ML",3.1,"Samandağ (Hatay)"
553763,"2023-02-24T18:51:33",37.583,38.041,7,"ML",3,"Doğanşehir (Malatya)"
553760,"2023-02-24T18:37:51",37.363,38.843,6.85,"MW",3.6,"Gürün (Sivas)"
553744,"2023-02-24T18:14:13",37.37,38.838,7.12,"ML",3,"Gürün (Sivas)"
553727,"2023-02-24T17:43:08",37.577,38.02,7.04,"ML",3.3,"Nurhak (Kahramanmaraş)"
553715,"2023-02-24T17:19:58",37.399,38.839,7,"MW",4.7,"Gürün (Sivas)"
553707,"2023-02-24T16:52:53",40.119,39.127,10.76,"ML",3.3,"Karakoçan (Elazığ)"
553706,"2023-02-24T16:23:47",36.983,37.18,7.4,"ML",3,"Nurdağı (Gaziantep)"
553690,"2023-02-24T16:03:00",36.071,36.172,6.39,"ML",3.3,"Defne (Hatay)"
553632,"2023-02-24T13:56:30",38.288,38.276,7,"ML",3.8,"Yeşilyurt (Malatya)"
553624,"2023-02-24T14:01:57",34.004,37.958,3.41,"MW",4.5,"Ereğli (Konya)"
553596,"2023-02-24T12:57:07",36.762,38.056,6.96,"ML",3.2,"Göksun (Kahramanmaraş)"
553537,"2023-02-24T11:32:25",37.678,37.952,7,"ML",3,"Doğanşehir (Malatya)"
553479,"2023-02-24T10:05:16",36.744,37.338,4.33,"ML",3.7,"Türkoğlu (Kahramanmaraş)"
553468,"2023-02-24T09:32:18",37.166,37.445,12.59,"ML",3.1,"Dulkadiroğlu (Kahramanmaraş)"
553463,"2023-02-24T09:09:49",38.674,38.158,5.99,"ML",3.2,"Pütürge (Malatya)"
553442,"2023-02-24T08:42:39",38.223,38.23,12.7,"ML",3.3,"Yeşilyurt (Malatya)"
553427,"2023-02-24T08:17:46",36.614,38.022,7,"ML",3.6,"Göksun (Kahramanmaraş)"
553391,"2023-02-24T07:26:59",36.623,38.017,7.45,"ML",3,"Göksun (Kahramanmaraş)"
553389,"2023-02-24T07:15:12",38.79,38.205,12.26,"ML",3.2,"Pütürge (Malatya)"
553350,"2023-02-24T06:22:12",37.455,38.389,7,"ML",3.1,"Elbistan (Kahramanmaraş)"
553341,"2023-02-24T06:34:40",37.903,38.159,23.83,"ML",3,"Doğanşehir (Malatya)"
553328,"2023-02-24T06:13:55",36.468,38.039,7.01,"ML",3.4,"Göksun (Kahramanmaraş)"
553327,"2023-02-24T06:12:51",35.916,36.109,6.39,"ML",3.7,"Akdeniz - Antakya Körfezi - [01.85 km] Samandağ (Hatay)"
553318,"2023-02-24T05:46:17",35.97,36.326,7.29,"MW",4,"Arsuz (Hatay)"
553281,"2023-02-24T03:53:11",36.294,37.86,7.01,"ML",3.1,"Göksun (Kahramanmaraş)"
553265,"2023-02-24T02:08:23",27.609,40.804,7.01,"MW",3.4,"Marmara Denizi - [14.55 km] Süleymanpaşa (Tekirdağ)"
553250,"2023-02-24T00:30:00",38.19,38.135,7.03,"ML",3.5,"Yeşilyurt (Malatya)"
553229,"2023-02-24T00:29:58",38.174,38.219,6.98,"ML",3.6,"Yeşilyurt (Malatya)"
553213,"2023-02-23T23:01:11",36.249,37.916,7,"MW",3.8,"Saimbeyli (Adana)"
553200,"2023-02-23T22:24:05",36.692,38.155,6.98,"ML",3.1,"Göksun (Kahramanmaraş)"
553197,"2023-02-23T22:08:10",39.674,38.567,9.22,"ML",3.6,"Maden (Elazığ)"
553183,"2023-02-23T21:03:06",36.539,36.929,7,"ML",3.1,"İslahiye (Gaziantep)"
553169,"2023-02-23T20:26:14",37.499,38.378,6.7,"ML",3.7,"Darende (Malatya)"
553167,"2023-02-23T20:16:17",37.776,38.098,7,"ML",3.2,"Doğanşehir (Malatya)"
553153,"2023-02-23T19:12:29",38.646,38.153,7,"ML",3.1,"Pütürge (Malatya)"
553144,"2023-02-23T18:53:54",37.169,37.46,9.05,"MW",3.7,"Dulkadiroğlu (Kahramanmaraş)"
553143,"2023-02-23T18:32:30",37.437,38.438,7,"ML",3.2,"Darende (Malatya)"
553130,"2023-02-23T17:44:27",36.306,37.859,11.69,"ML",3,"Göksun (Kahramanmaraş)"
553126,"2023-02-23T17:52:39",36.501,38.091,7,"MW",4.1,"Göksun (Kahramanmaraş)"
553120,"2023-02-23T17:37:20",36.237,38.074,7,"MW",3.7,"Saimbeyli (Adana)"
553115,"2023-02-23T17:15:06",38.352,38.074,7,"ML",3.2,"Çelikhan (Adıyaman)"
553111,"2023-02-23T17:04:59",36.294,36.834,7,"ML",3,"Dörtyol (Hatay)"
553110,"2023-02-23T17:10:14",37.494,38.387,6.96,"ML",3.4,"Darende (Malatya)"
553093,"2023-02-23T16:08:13",38.262,38.294,6.87,"ML",3.2,"Yeşilyurt (Malatya)"
553084,"2023-02-23T15:53:47",36.053,36.136,8.75,"MW",5,"Samandağ (Hatay)"
553073,"2023-02-23T14:54:17",36.094,36.092,6.13,"ML",3.2,"Defne (Hatay)"
553068,"2023-02-23T14:33:45",36.815,38.078,7.04,"MW",3.7,"Göksun (Kahramanmaraş)"
553060,"2023-02-23T14:19:45",37.219,38.169,12.73,"ML",3.3,"Elbistan (Kahramanmaraş)"
553017,"2023-02-23T12:56:25",36.392,37.814,7.39,"ML",3.1,"Andırın (Kahramanmaraş)"
553015,"2023-02-23T12:46:41",36.194,36.11,7,"ML",3.8,"Altınözü (Hatay)"
553011,"2023-02-23T12:49:14",37.752,38.093,7,"ML",3,"Doğanşehir (Malatya)"
553001,"2023-02-23T12:18:27",37.844,37.75,7,"ML",3.1,"Besni (Adıyaman)"
552976,"2023-02-23T12:01:07",37.767,38.069,11.09,"MW",3.6,"Doğanşehir (Malatya)"
552946,"2023-02-23T11:39:29",37.088,38.137,9.7,"ML",3.2,"Elbistan (Kahramanmaraş)"
552941,"2023-02-23T11:41:42",37.764,38.074,6.97,"MW",4.4,"Doğanşehir (Malatya)"
552920,"2023-02-23T10:58:24",37.506,38.392,11.26,"MW",3.9,"Darende (Malatya)"
552902,"2023-02-23T10:04:43",37.232,38.072,8.57,"ML",3.1,"Elbistan (Kahramanmaraş)"
552879,"2023-02-23T09:33:42",35.865,37.074,7.41,"ML",3.1,"Ceyhan (Adana)"
552801,"2023-02-20T21:34:05",36.504,38.034,6.92,"ML",3.3,"Göksun (Kahramanmaraş)"
552791,"2023-02-23T07:16:30",36.767,37.409,7,"ML",3,"Türkoğlu (Kahramanmaraş)"
552789,"2023-02-23T07:10:26",35.941,36.178,11.03,"ML",3.1,"Samandağ (Hatay)"
552782,"2023-02-23T07:11:24",37.395,38.048,7.02,"ML",3,"Nurhak (Kahramanmaraş)"
552764,"2023-02-23T07:01:47",37.622,38.036,14.36,"ML",3.1,"Doğanşehir (Malatya)"
552750,"2023-02-23T07:04:53",37.901,38.17,7.02,"ML",3,"Doğanşehir (Malatya)"
552683,"2023-02-23T05:27:38",37.736,38.082,7.12,"ML",3.2,"Doğanşehir (Malatya)"
552675,"2023-02-23T05:00:43",36.594,38,6.99,"MW",3.6,"Göksun (Kahramanmaraş)"
552656,"2023-02-23T03:23:03",37.105,37.335,10.49,"MW",4.1,"Pazarcık (Kahramanmaraş)"
552654,"2023-02-23T03:14:23",37.584,37.945,7.26,"ML",3,"Nurhak (Kahramanmaraş)"
552652,"2023-02-23T03:09:14",35.988,36.29,6.75,"ML",3,"Arsuz (Hatay)"
552642,"2023-02-23T01:51:35",37.705,38.024,6.99,"ML",3.2,"Doğanşehir (Malatya)"
552635,"2023-02-23T02:45:01",35.297,38.707,15.41,"MW",3.9,"İncesu (Kayseri)"
552621,"2023-02-23T01:42:57",36.168,36.23,10.35,"MW",4.3,"Antakya (Hatay)"
552618,"2023-02-22T23:49:12",37.44,38.6,7.03,"ML",3.1,"Darende (Malatya)"
552617,"2023-02-22T23:39:09",36.244,37.105,7.05,"ML",3.1,"Merkez (Osmaniye)"
552616,"2023-02-23T00:57:41",36.275,36.342,10.03,"ML",3.2,"Antakya (Hatay)"
552592,"2023-02-22T23:13:33",36.745,36.979,6.98,"ML",3.3,"İslahiye (Gaziantep)"
552587,"2023-02-22T22:53:21",36.31,37.95,7.03,"ML",3.1,"Göksun (Kahramanmaraş)"
552580,"2023-02-22T21:49:56",37.609,37.946,7,"ML",3.1,"Doğanşehir (Malatya)"
552578,"2023-02-22T22:43:45",36.989,37.483,7,"MW",3.8,"Dulkadiroğlu (Kahramanmaraş)"
552577,"2023-02-22T22:40:01",36.067,36.311,7,"MW",3.7,"Antakya (Hatay)"
552569,"2023-02-22T21:43:56",35.972,36.254,6.88,"ML",3.2,"Samandağ (Hatay)"
552551,"2023-02-22T19:45:50",36.338,37.937,6.35,"ML",3.1,"Göksun (Kahramanmaraş)"
552538,"2023-02-22T20:36:06",38.404,38.126,7,"MW",4.1,"Yeşilyurt (Malatya)"
552536,"2023-02-22T20:24:34",37.518,38.07,10.41,"ML",3.1,"Elbistan (Kahramanmaraş)"
552518,"2023-02-22T19:11:30",36.979,37.27,8.64,"ML",3.1,"Nurdağı (Gaziantep)"
552499,"2023-02-22T17:57:06",37.162,37.454,6.85,"MW",3.3,"Dulkadiroğlu (Kahramanmaraş)"
552481,"2023-02-22T16:56:35",36.469,38.071,7,"ML",3,"Göksun (Kahramanmaraş)"
552443,"2023-02-22T15:03:52",38.087,38.205,7,"ML",3.1,"Yeşilyurt (Malatya)"
552440,"2023-02-22T14:43:46",37.788,38.129,7,"ML",3.6,"Doğanşehir (Malatya)"
552427,"2023-02-22T14:11:20",36.665,38.129,6.98,"ML",3.2,"Göksun (Kahramanmaraş)"
552420,"2023-02-22T13:45:41",38.572,38.143,7,"ML",3.2,"Battalgazi (Malatya)"
552393,"2023-02-22T13:23:44",38.679,38.213,10.52,"ML",3.4,"Pütürge (Malatya)"
552391,"2023-02-22T13:26:15",36.693,38.194,6.97,"ML",3,"Göksun (Kahramanmaraş)"
552382,"2023-02-22T13:01:55",36.266,37.843,7,"ML",3.2,"Saimbeyli (Adana)"
552375,"2023-02-22T12:55:27",36.323,37.949,6.94,"ML",3.4,"Göksun (Kahramanmaraş)"
552364,"2023-02-19T08:48:16",36.222,37.863,7,"ML",3.3,"Saimbeyli (Adana)"
552346,"2023-02-22T12:01:29",37.128,38.058,5.74,"ML",3.1,"Ekinözü (Kahramanmaraş)"
552294,"2023-02-22T10:35:16",37.659,37.998,7.02,"ML",3,"Doğanşehir (Malatya)"
552250,"2023-02-22T08:55:13",37,42,21.46,"ML",3.4,"Karadeniz - [73.76 km] Çarşamba (Samsun)"
552232,"2023-02-22T07:58:24",37.863,38.155,7.01,"ML",3.8,"Doğanşehir (Malatya)"
552230,"2023-02-22T07:51:46",36.626,37.965,12.02,"ML",3.2,"Onikişubat (Kahramanmaraş)"
552225,"2023-02-22T07:56:53",37.868,38.141,16.57,"ML",4.3,"Doğanşehir (Malatya)"
552223,"2023-02-22T08:11:35",37.777,38.14,6.96,"ML",3,"Doğanşehir (Malatya)"
552195,"2023-02-22T07:34:29",36.288,37.853,7.17,"ML",3,"Göksun (Kahramanmaraş)"
552183,"2023-02-22T07:24:05",40.314,38.494,12,"ML",3.4,"Genç (Bingöl)"
552166,"2023-02-22T07:09:42",40.284,38.505,9.68,"MW",4.4,"Genç (Bingöl)"
552165,"2023-02-22T06:54:10",36.688,38.122,7,"ML",3,"Göksun (Kahramanmaraş)"
552143,"2023-02-22T06:20:36",36.454,37.869,13.3,"ML",3,"Göksun (Kahramanmaraş)"
552126,"2023-02-22T06:01:21",34.696,33.851,7.2,"MW",4.2,"Akdeniz"
552123,"2023-02-22T05:50:50",37.283,38.228,7,"MW",4.1,"Elbistan (Kahramanmaraş)"
552121,"2023-02-22T05:35:30",37.207,37.531,7.57,"ML",3,"Pazarcık (Kahramanmaraş)"
552080,"2023-02-22T03:48:39",36.934,38.062,7,"ML",3,"Göksun (Kahramanmaraş)"
552073,"2023-02-22T04:40:01",36.632,38.084,7,"MW",4.1,"Göksun (Kahramanmaraş)"
552056,"2023-02-22T04:09:21",37.491,38.073,6.99,"ML",3.1,"Elbistan (Kahramanmaraş)"
552018,"2023-02-22T03:04:44",40.136,38.431,11.52,"MW",4,"Dicle (Diyarbakır)"
552013,"2023-02-22T02:37:56",39.97,38.709,7,"ML",3.3,"Palu (Elazığ)"
552003,"2023-02-22T02:13:43",35.656,37.624,6.79,"ML",3,"Kozan (Adana)"
551993,"2023-02-22T01:54:47",36.136,36.156,14.35,"MW",3.7,"Defne (Hatay)"
551982,"2023-02-22T01:18:26",36.626,37.875,7,"ML",3,"Onikişubat (Kahramanmaraş)"
551978,"2023-02-22T01:26:06",34.967,35.567,7,"MW",4.1,"Akdeniz"
551973,"2023-02-22T00:55:38",36.324,37.928,7.65,"ML",3.1,"Göksun (Kahramanmaraş)"
551964,"2023-02-22T00:47:22",38.627,38.234,11.52,"ML",3.4,"Pütürge (Malatya)"
551933,"2023-02-22T00:01:03",35.949,36.173,7,"ML",3.2,"Samandağ (Hatay)"
551928,"2023-02-22T00:17:58",37.241,37.545,9.65,"MW",3.3,"Pazarcık (Kahramanmaraş)"
551924,"2023-02-21T23:55:09",36.953,37.471,7,"ML",3.1,"Dulkadiroğlu (Kahramanmaraş)"
551902,"2023-02-21T23:01:26",36.672,37.881,6.87,"ML",3.2,"Onikişubat (Kahramanmaraş)"
551893,"2023-02-21T22:59:39",38.189,38.254,7,"ML",3.1,"Yeşilyurt (Malatya)"
551865,"2023-02-21T22:13:17",38.619,38.217,9.3,"MW",3.3,"Pütürge (Malatya)"
551857,"2023-02-21T22:00:44",38.54,38.181,7,"MW",3.3,"Battalgazi (Malatya)"
551826,"2023-02-21T20:47:55",36.432,36.659,5.82,"ML",3.1,"Hassa (Hatay)"
551819,"2023-02-21T20:35:15",36.311,37.969,7,"ML",3.3,"Göksun (Kahramanmaraş)"
551769,"2023-02-21T19:13:19",35.574,35.472,6.06,"MW",3.8,"Akdeniz"
551759,"2023-02-21T18:49:48",36.023,36.122,7,"ML",3.1,"Samandağ (Hatay)"
551751,"2023-02-21T19:08:17",36.7,37.143,8.38,"MW",3.4,"Nurdağı (Gaziantep)"
551729,"2023-02-21T18:18:18",36.669,38.031,7.06,"MW",3.3,"Göksun (Kahramanmaraş)"
551723,"2023-02-21T17:48:16",36.675,37.104,11.25,"ML",3.2,"İslahiye (Gaziantep)"
551696,"2023-02-21T17:19:34",35.013,35.851,15.7,"MW",3.1,"Akdeniz"
551693,"2023-02-21T16:59:21",40.02,38.712,7.05,"ML",3.1,"Palu (Elazığ)"
551691,"2023-02-21T17:25:57",37.866,38.119,7.02,"MW",3.8,"Doğanşehir (Malatya)"
551662,"2023-02-21T16:05:16",36.109,36.171,4.36,"ML",3,"Defne (Hatay)"
551654,"2023-02-21T16:06:48",36.074,36.146,7,"MW",4.2,"Samandağ (Hatay)"
551634,"2023-02-21T15:38:32",28.45,37.075,7,"ML",3.3,"Ula (Muğla)"
551632,"2023-02-21T15:36:29",28.447,37.052,6.96,"ML",3.2,"Ula (Muğla)"
551630,"2023-02-21T15:33:05",36.643,37.894,7,"ML",3.1,"Onikişubat (Kahramanmaraş)"
551612,"2023-02-21T14:33:12",35.923,36.176,13.19,"ML",3,"Samandağ (Hatay)"
551594,"2023-02-21T14:07:06",37.024,37.318,12.77,"ML",3.7,"Türkoğlu (Kahramanmaraş)"
551576,"2023-02-21T13:35:19",36.521,38.04,14.4,"ML",3.7,"Göksun (Kahramanmaraş)"
551553,"2023-02-21T13:07:46",35.988,36.237,6.56,"ML",3.2,"Samandağ (Hatay)"
551550,"2023-02-21T13:00:29",36.007,36.256,6.82,"ML",3,"Samandağ (Hatay)"
551542,"2023-02-21T12:52:27",37.209,37.513,10.05,"MW",3.5,"Pazarcık (Kahramanmaraş)"
551540,"2023-02-21T12:42:26",38.769,38.222,12.08,"ML",3.7,"Pütürge (Malatya)"
551539,"2023-02-21T12:47:34",36.654,37.186,7.73,"MW",3.1,"Bahçe (Osmaniye)"
551520,"2023-02-21T12:19:10",37.951,38.052,7,"MW",3.2,"Doğanşehir (Malatya)"
551505,"2023-02-21T11:55:54",37.351,38.061,7,"MW",4,"Nurhak (Kahramanmaraş)"
551504,"2023-02-21T11:51:09",37.258,37.539,10.12,"MW",3.2,"Pazarcık (Kahramanmaraş)"
551503,"2023-02-21T11:00:00",36.041,36.167,8.45,"ML",3.2,"Samandağ (Hatay)"
551498,"2023-02-21T11:18:32",36.627,38.063,8.73,"ML",3,"Göksun (Kahramanmaraş)"
551497,"2023-02-21T11:24:41",36.251,36.4,8.51,"MW",3,"Antakya (Hatay)"
551481,"2023-02-21T10:16:20",38.23,37.981,10.13,"ML",3.1,"Merkez (Adıyaman)"
551471,"2023-02-21T10:09:37",37.25,37.559,12.99,"ML",3.9,"Pazarcık (Kahramanmaraş)"
551462,"2023-02-21T09:56:45",38.608,38.195,11.59,"MW",4.1,"Battalgazi (Malatya)"
551436,"2023-02-21T09:06:30",35.806,37.078,15,"ML",3,"Ceyhan (Adana)"
551397,"2023-02-21T08:21:06",37.42,38.615,12.51,"MW",3.1,"Darende (Malatya)"
551388,"2023-02-21T08:24:02",36.015,36.106,6.9,"MW",3.7,"Samandağ (Hatay)"
551376,"2023-02-21T08:11:50",35.852,36.127,16.39,"ML",4,"Akdeniz - [07.41 km] Samandağ (Hatay)"
551365,"2023-02-21T07:48:19",36.461,38.118,6.62,"MW",3.3,"Göksun (Kahramanmaraş)"
551357,"2023-02-21T07:34:16",36.033,36.251,6.6,"ML",3.7,"Samandağ (Hatay)"
551356,"2023-02-21T07:46:23",37.644,38.053,7.11,"MW",3.9,"Doğanşehir (Malatya)"
551349,"2023-02-21T07:24:02",36.05,36.234,12.9,"MW",3.2,"Antakya (Hatay)"
551341,"2023-02-21T07:16:20",36.129,36.289,8.97,"MW",3.5,"Antakya (Hatay)"
551332,"2023-02-21T06:40:57",35.933,36.263,5.1,"ML",3.4,"Arsuz (Hatay)"
551326,"2023-02-21T06:35:45",36.536,38.035,11.5,"ML",3.1,"Göksun (Kahramanmaraş)"
551299,"2023-02-21T06:23:20",37.65,37.781,7.35,"ML",3.4,"Gölbaşı (Adıyaman)"
551294,"2023-02-21T06:28:51",35.994,36.188,6.62,"MW",3.7,"Samandağ (Hatay)"
551287,"2023-02-21T05:47:48",37.362,38.683,18.67,"MW",3.7,"Gürün (Sivas)"
551286,"2023-02-21T05:45:55",36.926,37.409,7.14,"ML",3.4,"Türkoğlu (Kahramanmaraş)"
551285,"2023-02-21T05:45:46",37.066,37.333,6.88,"ML",3.2,"Pazarcık (Kahramanmaraş)"
551282,"2023-02-21T05:41:26",36.185,37.909,7,"MW",3.3,"Saimbeyli (Adana)"
551280,"2023-02-21T05:38:16",36.505,38.071,7.14,"MW",3.7,"Göksun (Kahramanmaraş)"
551279,"2023-02-21T05:35:26",35.979,36.127,5.69,"MW",3.4,"Samandağ (Hatay)"
551276,"2023-02-21T05:31:52",35.994,36.223,6.95,"MW",3.3,"Samandağ (Hatay)"
551256,"2023-02-21T04:25:12",36.075,36.303,6.91,"ML",3.1,"Antakya (Hatay)"
551255,"2023-02-21T04:14:04",38.129,38.134,18.54,"ML",3.4,"Yeşilyurt (Malatya)"
551253,"2023-02-21T04:02:26",37.688,38.03,7,"ML",3,"Doğanşehir (Malatya)"
551241,"2023-02-21T02:31:01",36.848,37.259,10.71,"ML",3,"Nurdağı (Gaziantep)"
551230,"2023-02-21T03:12:57",38.679,38.169,4.26,"MW",3.9,"Pütürge (Malatya)"
551223,"2023-02-21T02:27:42",37.143,38.079,13.08,"MW",3.7,"Ekinözü (Kahramanmaraş)"
551214,"2023-02-21T01:53:42",36.106,36.239,6.87,"ML",3.3,"Antakya (Hatay)"
551186,"2023-02-21T00:01:58",36.099,36.259,7.21,"ML",3.1,"Antakya (Hatay)"
551182,"2023-02-21T00:09:05",36.01,36.233,7,"ML",3.1,"Samandağ (Hatay)"
551174,"2023-02-21T00:01:00",37.425,38.009,5,"MW",3.8,"Nurhak (Kahramanmaraş)"
551171,"2023-02-20T23:41:45",35.974,36.221,7,"ML",3.4,"Samandağ (Hatay)"
551165,"2023-02-20T23:21:13",37.386,38.033,7.67,"MW",4.4,"Nurhak (Kahramanmaraş)"
551164,"2023-02-20T23:12:32",36.023,36.261,7,"ML",3.3,"Samandağ (Hatay)"
551159,"2023-02-20T22:56:56",35.954,36.134,7,"MW",4.2,"Samandağ (Hatay)"
551157,"2023-02-20T22:54:28",42.234,41.819,6.81,"ML",3.3,"Ozurgeti, Guria (Gürcistan) - [40.91 km] Şavşat (Artvin)"
551150,"2023-02-20T22:17:49",37.754,38.066,11.76,"ML",3.2,"Doğanşehir (Malatya)"
551146,"2023-02-20T21:55:46",35.973,36.252,13.17,"ML",3.2,"Samandağ (Hatay)"
551142,"2023-02-20T21:51:04",36.067,36.205,7.02,"ML",3.1,"Defne (Hatay)"
551138,"2023-02-20T21:34:50",36.631,38.094,7.01,"ML",3.8,"Göksun (Kahramanmaraş)"
551136,"2023-02-20T21:40:19",36.539,37.774,7,"ML",3.2,"Onikişubat (Kahramanmaraş)"
551129,"2023-02-20T21:16:41",35.909,36.164,7,"MW",3.7,"Samandağ (Hatay)"
551117,"2023-02-20T19:59:43",36.172,36.47,7.54,"ML",3,"Belen (Hatay)"
551112,"2023-02-20T19:40:02",36.052,36.299,7,"ML",3.2,"Antakya (Hatay)"
551108,"2023-02-20T19:36:57",36.116,36.411,7,"ML",3.2,"Belen (Hatay)"
551102,"2023-02-20T19:21:01",36.029,36.259,10.57,"ML",3,"Samandağ (Hatay)"
551099,"2023-02-20T19:09:20",36.052,36.267,10.65,"MW",4.1,"Antakya (Hatay)"
551096,"2023-02-20T18:47:01",36.037,36.286,7,"MW",3.5,"Samandağ (Hatay)"
551094,"2023-02-20T19:00:14",36.043,36.171,7,"MW",4.2,"Samandağ (Hatay)"
551090,"2023-02-20T18:36:30",35.988,36.221,11.54,"ML",3.5,"Samandağ (Hatay)"
551089,"2023-02-20T18:30:52",36.073,36.288,7,"ML",3.8,"Antakya (Hatay)"
551088,"2023-02-20T18:22:32",36.04,36.128,6.21,"ML",3,"Samandağ (Hatay)"
551087,"2023-02-20T18:26:16",36.018,36.22,7.41,"MW",3.5,"Samandağ (Hatay)"
551083,"2023-02-20T18:15:50",38.086,38.233,7,"ML",3.1,"Yeşilyurt (Malatya)"
551082,"2023-02-20T17:34:00",36.071,36.156,15.14,"ML",3.6,"Samandağ (Hatay)"
551081,"2023-02-20T17:43:02",36.205,36.42,7,"ML",3.7,"Belen (Hatay)"
551080,"2023-02-20T17:41:32",36.107,36.498,7.62,"ML",3.6,"Arsuz (Hatay)"
551079,"2023-02-20T17:36:01",37.075,37.325,7,"ML",3.4,"Pazarcık (Kahramanmaraş)"
551078,"2023-02-20T17:31:15",36.594,37.921,7,"ML",3.1,"Onikişubat (Kahramanmaraş)"
551077,"2023-02-20T17:38:45",35.956,36.204,7,"ML",4.1,"Samandağ (Hatay)"
551076,"2023-02-20T17:28:52",36.053,36.285,7.06,"ML",3.6,"Antakya (Hatay)"
551075,"2023-02-20T17:10:18",36.052,36.258,12.79,"ML",3.8,"Antakya (Hatay)"
551074,"2023-02-20T17:26:31",36.097,36.305,6.93,"ML",3.5,"Antakya (Hatay)"
551073,"2023-02-20T17:24:08",36.017,36.246,6.96,"ML",3.5,"Samandağ (Hatay)"
551072,"2023-02-20T17:19:28",35.999,36.164,7,"ML",3.4,"Samandağ (Hatay)"
551070,"2023-02-20T17:14:18",35.992,36.254,7.07,"ML",4,"Samandağ (Hatay)"
551069,"2023-02-20T17:13:20",36.012,36.284,7,"ML",3.9,"Samandağ (Hatay)"
551068,"2023-02-20T17:07:34",35.978,36.186,6.64,"MW",5.8,"Samandağ (Hatay)"
551067,"2023-02-20T17:04:27",36.021,36.037,21.73,"MW",6.4,"Yayladağı (Hatay)"
551064,"2023-02-20T16:50:45",36.921,38.085,7,"MW",3.7,"Göksun (Kahramanmaraş)"
551054,"2023-02-20T16:20:11",36.227,37.802,6.99,"ML",3,"Saimbeyli (Adana)"
551015,"2023-02-20T14:28:05",37.839,38.051,7,"ML",3.3,"Doğanşehir (Malatya)"
550984,"2023-02-20T13:17:07",36.967,37.589,7,"ML",3,"Dulkadiroğlu (Kahramanmaraş)"
550941,"2023-02-20T12:20:38",36.821,37.204,5.78,"ML",3.3,"Nurdağı (Gaziantep)"
550917,"2023-02-20T11:37:58",37.002,37.308,11.46,"ML",3,"Türkoğlu (Kahramanmaraş)"
550911,"2023-02-20T12:03:19",36.72,37.403,7,"ML",3.2,"Türkoğlu (Kahramanmaraş)"
550900,"2023-02-20T11:13:27",36.368,36.389,7.08,"ML",3,"Kırıkhan (Hatay)"
550865,"2023-02-20T11:24:04",37.82,37.728,13.15,"ML",3.6,"Besni (Adıyaman)"
550849,"2023-02-20T09:17:01",40.914,40.679,7,"ML",3,"İspir (Erzurum)"
550848,"2023-02-20T09:49:27",37.005,37.411,8.5,"ML",3.1,"Dulkadiroğlu (Kahramanmaraş)"
550794,"2023-02-20T08:52:57",37.606,38.008,7.21,"ML",3.5,"Doğanşehir (Malatya)"
550612,"2023-02-20T05:43:52",36.517,38.08,7,"ML",3.1,"Göksun (Kahramanmaraş)"
550602,"2023-02-20T04:46:12",37.218,37.524,7.09,"ML",3.5,"Pazarcık (Kahramanmaraş)"
550589,"2023-02-20T04:10:53",38.629,38.137,7,"ML",3.1,"Pütürge (Malatya)"
550579,"2023-02-20T03:48:43",40.04,38.719,7,"ML",3.2,"Palu (Elazığ)"
550572,"2023-02-20T03:45:37",40.001,38.682,7.01,"MW",4.5,"Palu (Elazığ)"
550565,"2023-02-20T03:25:02",37.693,38.035,7.01,"ML",3.2,"Doğanşehir (Malatya)"
550547,"2023-02-20T02:29:34",39.989,38.718,7.04,"MW",4.4,"Palu (Elazığ)"
550538,"2023-02-20T01:38:27",36.903,37.391,7.03,"ML",3,"Türkoğlu (Kahramanmaraş)"
550536,"2023-02-20T01:48:59",36.812,38.086,6.99,"MW",4.5,"Göksun (Kahramanmaraş)"
550520,"2023-02-20T01:07:04",39.988,38.701,7,"ML",3.7,"Palu (Elazığ)"
550519,"2023-02-20T00:58:43",40.221,38.791,16.57,"ML",3.1,"Palu (Elazığ)"
550517,"2023-02-20T01:07:37",39.963,38.692,14.56,"MW",4.6,"Palu (Elazığ)"
550516,"2023-02-20T00:47:58",38.166,38.228,7.01,"ML",3.6,"Yeşilyurt (Malatya)"
550512,"2023-02-20T00:39:01",39.962,38.702,13.26,"MW",4.8,"Palu (Elazığ)"
550510,"2023-02-20T00:37:29",39.989,38.706,11.85,"MW",4.7,"Palu (Elazığ)"
550509,"2023-02-20T00:27:10",38.288,38.284,6.97,"ML",3,"Yeşilyurt (Malatya)"
550496,"2023-02-19T23:57:03",37.262,38.233,6.56,"ML",3.6,"Elbistan (Kahramanmaraş)"
550495,"2023-02-19T23:57:26",38.747,38.255,8.63,"MW",4.3,"Pütürge (Malatya)"
550489,"2023-02-19T23:29:56",36.382,36.419,6.22,"ML",3,"Kırıkhan (Hatay)"
550488,"2023-02-19T23:42:22",36.736,37.137,10.38,"ML",3.3,"Nurdağı (Gaziantep)"
550475,"2023-02-19T22:48:54",40.452,38.522,16.27,"ML",3.3,"Lice (Diyarbakır)"
550466,"2023-02-19T22:42:00",37.232,38.077,9.64,"ML",3.1,"Elbistan (Kahramanmaraş)"
550445,"2023-02-19T21:32:33",36.876,37.405,10.84,"ML",3.3,"Türkoğlu (Kahramanmaraş)"
550438,"2023-02-19T21:30:30",36.872,37.393,9.82,"MW",4.2,"Türkoğlu (Kahramanmaraş)"
550418,"2023-02-19T20:19:28",37.152,38.091,7,"ML",3,"Ekinözü (Kahramanmaraş)"
550414,"2023-02-19T20:16:00",36.017,36.247,12.76,"ML",3.1,"Samandağ (Hatay)"
550389,"2023-02-19T19:17:18",36.154,36.757,7,"ML",3.3,"Akdeniz - İskenderun Körfezi - [04.66 km] Payas (Hatay)"
550388,"2023-02-19T19:20:50",36.624,37.851,7,"ML",3.6,"Onikişubat (Kahramanmaraş)"
550364,"2023-02-19T18:15:43",37.785,38.118,6.98,"ML",3.9,"Doğanşehir (Malatya)"
550363,"2023-02-19T17:45:17",36.762,37.236,7.58,"ML",3.1,"Türkoğlu (Kahramanmaraş)"
550361,"2023-02-19T17:59:36",36.771,38.04,7.01,"MW",3.9,"Göksun (Kahramanmaraş)"
550359,"2023-02-19T17:51:48",37.698,38.039,7,"ML",3.8,"Doğanşehir (Malatya)"
550354,"2023-02-19T17:41:49",36.307,37.922,7.19,"ML",3,"Göksun (Kahramanmaraş)"
550350,"2023-02-19T16:51:17",36.778,38.192,7,"ML",3.4,"Afşin (Kahramanmaraş)"
550346,"2023-02-19T16:46:53",36.301,37.914,7.11,"ML",3.4,"Göksun (Kahramanmaraş)"
550336,"2023-02-19T17:11:22",36.609,37.736,7,"ML",3.1,"Onikişubat (Kahramanmaraş)"
550330,"2023-02-19T16:28:47",37.246,38.142,6.96,"ML",3.1,"Elbistan (Kahramanmaraş)"
550303,"2023-02-19T15:42:24",38.219,38.324,7,"MW",3.4,"Yeşilyurt (Malatya)"
550302,"2023-02-19T15:33:07",37.906,38.072,6.93,"MW",3.5,"Doğanşehir (Malatya)"
550298,"2023-02-19T15:09:55",36.956,37.419,4.76,"ML",3,"Dulkadiroğlu (Kahramanmaraş)"
550289,"2023-02-19T14:46:03",36.693,37.808,7.01,"ML",3,"Onikişubat (Kahramanmaraş)"
550277,"2023-02-19T14:18:43",37.387,37.835,8.92,"MW",3.9,"Çağlayancerit (Kahramanmaraş)"
550269,"2023-02-19T13:58:43",37.536,38.002,10.09,"ML",3.2,"Nurhak (Kahramanmaraş)"
550257,"2023-02-19T13:38:09",38.487,38.117,7,"ML",3.5,"Sincik (Adıyaman)"
550249,"2023-02-19T12:42:08",37.042,37.478,13.85,"ML",3,"Dulkadiroğlu (Kahramanmaraş)"
550245,"2023-02-19T12:16:02",37.003,37.301,2.99,"ML",3,"Türkoğlu (Kahramanmaraş)"
550242,"2023-02-19T11:58:14",40.19,39.196,7,"ML",3.1,"Yayladere (Bingöl)"
550240,"2023-02-19T12:02:23",36.386,37.792,6.98,"ML",3.5,"Andırın (Kahramanmaraş)"
550239,"2023-02-19T12:04:32",38.233,38.277,7,"MW",4.7,"Yeşilyurt (Malatya)"
550236,"2023-02-19T11:54:34",36.739,37.238,6.95,"ML",3.3,"Türkoğlu (Kahramanmaraş)"
550229,"2023-02-19T11:14:08",39.673,38.478,8.82,"ML",3,"Maden (Elazığ)"
550228,"2023-02-19T11:14:45",37.804,38.131,7.01,"ML",3.1,"Doğanşehir (Malatya)"
550223,"2023-02-19T10:51:54",37.814,38.337,7,"ML",3.3,"Akçadağ (Malatya)"
550201,"2023-02-19T09:34:46",36.625,37.995,10.01,"ML",3.4,"Göksun (Kahramanmaraş)"
550195,"2023-02-19T08:59:22",36.654,37.819,7.11,"ML",3,"Onikişubat (Kahramanmaraş)"
550191,"2023-02-19T08:56:03",36.616,37.892,7.1,"ML",3.2,"Onikişubat (Kahramanmaraş)"
550189,"2023-02-19T08:57:24",36.768,37.231,7,"ML",3.1,"Türkoğlu (Kahramanmaraş)"
550188,"2023-02-19T08:48:16",36.202,37.849,4.76,"ML",3.4,"Saimbeyli (Adana)"
550182,"2023-02-19T08:43:17",37.446,37.69,7.33,"ML",3.4,"Çağlayancerit (Kahramanmaraş)"
550171,"2023-02-19T07:16:29",36.469,36.717,5.45,"ML",3.2,"Hassa (Hatay)"
550169,"2023-02-19T08:08:37",37.436,38.011,7,"MW",3.9,"Nurhak (Kahramanmaraş)"
550167,"2023-02-19T07:58:09",36.535,38.027,7.59,"ML",3,"Göksun (Kahramanmaraş)"
550153,"2023-02-19T06:55:38",37.167,37.521,10.39,"MW",4,"Dulkadiroğlu (Kahramanmaraş)"
550135,"2023-02-19T06:17:55",38.557,38.201,7.28,"MW",3.3,"Battalgazi (Malatya)"
550134,"2023-02-19T05:55:24",37.615,38.013,7,"MW",3.4,"Doğanşehir (Malatya)"
550128,"2023-02-19T05:46:34",37.19,37.474,11.99,"MW",4,"Dulkadiroğlu (Kahramanmaraş)"
550126,"2023-02-19T05:18:15",42.172,41.888,7,"ML",3.2,"Ozurgeti, Guria (Gürcistan) - [47.89 km] Borçka (Artvin)"
550092,"2023-02-19T03:37:49",36.719,37.185,7,"ML",3,"Nurdağı (Gaziantep)"
550090,"2023-02-19T04:17:03",36.84,37.252,9.45,"MW",3.7,"Nurdağı (Gaziantep)"
550088,"2023-02-19T04:06:17",36.829,37.251,5.22,"MW",3.9,"Türkoğlu (Kahramanmaraş)"
550087,"2023-02-19T04:07:40",36.835,37.236,4.98,"MW",4.5,"Nurdağı (Gaziantep)"
550086,"2023-02-19T04:03:40",36.846,37.241,5.15,"MW",3.5,"Nurdağı (Gaziantep)"
550085,"2023-02-19T03:59:11",36.825,37.25,10.07,"MW",4.3,"Türkoğlu (Kahramanmaraş)"
550081,"2023-02-19T02:57:24",38.045,37.99,7,"MW",3.1,"Doğanşehir (Malatya)"
550080,"2023-02-19T02:56:50",37.875,38.172,7,"ML",3.1,"Doğanşehir (Malatya)"
550079,"2023-02-19T02:54:05",36.916,38.108,7,"MW",3.6,"Göksun (Kahramanmaraş)"
550078,"2023-02-19T02:50:01",38.437,38.125,7.07,"MW",3.2,"Sincik (Adıyaman)"
550068,"2023-02-19T02:23:31",29.938,37.197,6.99,"MW",3.3,"Tefenni (Burdur)"
550066,"2023-02-19T01:36:26",36.618,38.093,6.76,"MW",3.5,"Göksun (Kahramanmaraş)"
550065,"2023-02-19T01:25:47",36.311,37.873,7.01,"ML",3,"Göksun (Kahramanmaraş)"
550062,"2023-02-19T01:16:51",38.035,38.117,7,"ML",3,"Doğanşehir (Malatya)"
550060,"2023-02-19T01:08:57",38.527,38.149,7,"ML",3.4,"Sincik (Adıyaman)"
550047,"2023-02-19T00:53:32",36.646,38.074,7.01,"MW",3.6,"Göksun (Kahramanmaraş)"
550046,"2023-02-19T00:56:10",36.224,38.091,12.5,"MW",4.4,"Saimbeyli (Adana)"
550038,"2023-02-18T23:42:08",34.105,41.099,7,"ML",3.1,"Tosya (Kastamonu)"
550023,"2023-02-18T23:42:16",38.692,38.204,12.31,"MW",3.4,"Pütürge (Malatya)"
549993,"2023-02-18T21:52:51",37.017,37.21,6.97,"MW",3.6,"Şehitkamil (Gaziantep)"
549987,"2023-02-18T21:43:29",36.614,38.074,7.01,"ML",3.1,"Göksun (Kahramanmaraş)"
549986,"2023-02-18T21:52:03",36.65,38.055,6.88,"MW",3,"Göksun (Kahramanmaraş)"
549977,"2023-02-18T21:19:40",37.451,38.059,7.01,"MW",3.2,"Nurhak (Kahramanmaraş)"
549972,"2023-02-18T20:56:06",36.497,36.854,13.07,"MW",4.1,"Hassa (Hatay)"
549971,"2023-02-18T20:51:49",36.308,37.873,9.64,"MW",3.8,"Göksun (Kahramanmaraş)"
549969,"2023-02-18T20:36:36",35.93,36.204,7,"MW",3.5,"Samandağ (Hatay)"
549966,"2023-02-18T20:00:26",35.885,36.323,6.04,"ML",3.2,"Arsuz (Hatay)"
549956,"2023-02-18T19:37:22",38.474,38.086,6.93,"ML",3.2,"Sincik (Adıyaman)"
549954,"2023-02-18T19:47:07",36.592,38.067,7.1,"MW",3.8,"Göksun (Kahramanmaraş)"
549953,"2023-02-18T19:31:31",36.602,38.08,6.2,"MW",5.1,"Göksun (Kahramanmaraş)"
549947,"2023-02-18T19:10:20",36.767,37.202,5.61,"ML",3.3,"Nurdağı (Gaziantep)"
549943,"2023-02-18T18:57:49",37.558,38.144,6.99,"MW",3.4,"Elbistan (Kahramanmaraş)"
549940,"2023-02-18T18:44:46",38.638,38.195,7.69,"MW",3.7,"Pütürge (Malatya)"
549938,"2023-02-18T18:36:01",38.469,38.01,7.34,"MW",3.3,"Sincik (Adıyaman)"
549936,"2023-02-18T18:15:11",37.812,38.073,10.13,"ML",3.5,"Doğanşehir (Malatya)"
549932,"2023-02-18T18:00:19",38.528,38.112,10.17,"ML",3.4,"Sincik (Adıyaman)"
549931,"2023-02-18T18:03:29",34.918,40.586,9.73,"MW",3.6,"Merkez (Çorum)"
549928,"2023-02-18T17:54:02",34.913,40.582,11.66,"MW",3.7,"Merkez (Çorum)"
549926,"2023-02-18T17:44:34",40.151,39.158,7,"ML",3.3,"Karakoçan (Elazığ)"
549925,"2023-02-18T17:32:58",25.359,35.893,7.96,"MW",4.7,"Ege Denizi"
549921,"2023-02-18T17:34:33",37.782,37.831,10.93,"ML",3,"Gölbaşı (Adıyaman)"
549908,"2023-02-18T16:53:32",36.969,37.152,2.51,"ML",3.5,"Nurdağı (Gaziantep)"
549907,"2023-02-18T16:57:41",37.326,38.01,7,"MW",3.8,"Nurhak (Kahramanmaraş)"
549894,"2023-02-18T16:14:39",38.171,38.075,7,"MW",4.3,"Çelikhan (Adıyaman)"
549891,"2023-02-18T16:06:53",36.288,37.841,7,"MW",3.9,"Göksun (Kahramanmaraş)"
549857,"2023-02-18T14:12:00",36.432,36.687,7.2,"ML",3.1,"Hassa (Hatay)"
549836,"2023-02-18T13:09:26",37.338,37.618,5.9,"ML",3.1,"Pazarcık (Kahramanmaraş)"
549813,"2023-02-18T11:48:52",37.449,38.004,10.26,"ML",3.2,"Nurhak (Kahramanmaraş)"
549793,"2023-02-18T10:41:16",38.511,38.125,7.79,"ML",3.1,"Sincik (Adıyaman)"
549784,"2023-02-18T10:21:32",36.592,38.055,7.07,"ML",3,"Göksun (Kahramanmaraş)"
549783,"2023-02-18T10:14:20",37.456,38.004,7,"ML",3.4,"Nurhak (Kahramanmaraş)"
549757,"2023-02-18T09:33:16",36.353,38.229,12.26,"ML",3.1,"Tufanbeyli (Adana)"
549751,"2023-02-18T09:01:10",38.209,38.071,7.01,"ML",3,"Çelikhan (Adıyaman)"
549739,"2023-02-18T08:30:51",36.433,38.002,7.02,"ML",3.1,"Göksun (Kahramanmaraş)"
549715,"2023-02-18T07:24:59",36.492,37.97,7,"ML",3.3,"Göksun (Kahramanmaraş)"
549714,"2023-02-18T07:23:37",37.356,37.986,6.99,"ML",3.1,"Nurhak (Kahramanmaraş)"
549709,"2023-02-18T07:19:54",36.343,36.52,7,"ML",3,"Kırıkhan (Hatay)"
549706,"2023-02-18T07:21:33",37.391,38.002,12.26,"MW",3.9,"Nurhak (Kahramanmaraş)"
549685,"2023-02-18T06:29:50",36.589,38.071,7,"MW",3.9,"Göksun (Kahramanmaraş)"
549683,"2023-02-18T06:03:07",37.004,37.277,6.67,"ML",3,"Pazarcık (Kahramanmaraş)"
549676,"2023-02-18T03:17:13",38.248,38.274,6.99,"ML",3.2,"Yeşilyurt (Malatya)"
549672,"2023-02-18T05:44:31",36.313,37.92,7,"ML",3.2,"Göksun (Kahramanmaraş)"
549666,"2023-02-18T03:50:01",36.429,37.858,6.99,"MW",3.7,"Göksun (Kahramanmaraş)"
549661,"2023-02-18T02:51:36",36.625,37.854,7.04,"ML",3.1,"Onikişubat (Kahramanmaraş)"
549659,"2023-02-18T05:40:39",37.866,38.135,7,"ML",3.4,"Doğanşehir (Malatya)"
549653,"2023-02-18T04:25:19",36.801,37.331,7,"ML",3.4,"Türkoğlu (Kahramanmaraş)"
549652,"2023-02-18T05:26:04",37.17,38.076,15.04,"ML",4.1,"Ekinözü (Kahramanmaraş)"
549645,"2023-02-18T04:38:42",36.267,37.984,7,"ML",3.1,"Göksun (Kahramanmaraş)"
549643,"2023-02-18T04:35:54",36.481,36.788,10.96,"ML",3.2,"Hassa (Hatay)"
549629,"2023-02-18T03:16:29",36.596,37.99,7,"ML",3.4,"Onikişubat (Kahramanmaraş)"
549622,"2023-02-18T02:19:52",36.984,38.073,7.32,"ML",3.6,"Göksun (Kahramanmaraş)"
549621,"2023-02-18T02:16:39",36.301,37.95,3.45,"ML",3.2,"Göksun (Kahramanmaraş)"
549610,"2023-02-18T02:15:23",36.715,37.206,7,"ML",3.1,"Nurdağı (Gaziantep)"
549602,"2023-02-18T01:36:57",36.607,37.92,6.94,"ML",3.8,"Onikişubat (Kahramanmaraş)"
549580,"2023-02-18T00:02:47",37.216,37.567,6.99,"ML",3.1,"Dulkadiroğlu (Kahramanmaraş)"
549573,"2023-02-17T23:58:48",27.82,39.444,13.23,"ML",3.2,"Altıeylül (Balıkesir)"
549555,"2023-02-17T22:28:50",36.489,37.9,7,"ML",3,"Göksun (Kahramanmaraş)"
549554,"2023-02-17T22:19:35",37.489,38.367,7,"ML",3,"Elbistan (Kahramanmaraş)"
549549,"2023-02-17T22:10:48",36.669,37.879,7,"ML",3.5,"Onikişubat (Kahramanmaraş)"
549547,"2023-02-17T21:52:30",36.857,38.06,5.07,"ML",3.6,"Göksun (Kahramanmaraş)"
549544,"2023-02-17T21:41:19",38.193,38.031,7.01,"ML",3,"Çelikhan (Adıyaman)"
549543,"2023-02-17T21:30:11",37.568,38.008,6.96,"ML",3.1,"Nurhak (Kahramanmaraş)"
549534,"2023-02-17T20:59:46",36.725,38.105,6.93,"ML",3.2,"Göksun (Kahramanmaraş)"
549530,"2023-02-17T20:45:24",36.3,37.846,7,"ML",3.3,"Göksun (Kahramanmaraş)"
549522,"2023-02-17T20:39:51",37.152,37.404,12.36,"ML",3,"Pazarcık (Kahramanmaraş)"
549514,"2023-02-17T19:44:08",42.146,41.906,7,"ML",3.3,"Ozurgeti, Guria (Gürcistan) - [49.09 km] Borçka (Artvin)"
549510,"2023-02-17T19:43:34",36.538,38.085,6.95,"ML",3.2,"Göksun (Kahramanmaraş)"
549509,"2023-02-17T19:42:09",36.694,38.013,7,"ML",3.1,"Göksun (Kahramanmaraş)"
549508,"2023-02-17T19:31:30",36.536,37.977,7,"ML",3.7,"Göksun (Kahramanmaraş)"
549505,"2023-02-17T19:33:45",44.931,38.558,7,"ML",3.6,"Khoy, West Azarbaijan (İran) - [49.66 km] Başkale (Van)"
549498,"2023-02-17T19:10:37",38.223,38.242,7,"ML",4,"Yeşilyurt (Malatya)"
549491,"2023-02-17T18:15:49",36.301,37.876,6.97,"ML",3.1,"Göksun (Kahramanmaraş)"
549483,"2023-02-17T18:28:25",37.274,37.595,12.75,"MW",4,"Pazarcık (Kahramanmaraş)"
549479,"2023-02-17T17:43:44",37.768,37.375,6.33,"ML",3.2,"Yavuzeli (Gaziantep)"
549452,"2023-02-17T16:38:23",36.565,37.955,7,"ML",3.1,"Onikişubat (Kahramanmaraş)"
549446,"2023-02-17T16:33:57",36.324,37.876,7,"ML",4,"Göksun (Kahramanmaraş)"
549445,"2023-02-17T16:24:29",36.871,37.361,8.87,"ML",3.2,"Türkoğlu (Kahramanmaraş)"
549444,"2023-02-17T16:20:40",36.297,37.919,6.68,"ML",3.8,"Göksun (Kahramanmaraş)"
549440,"2023-02-17T15:33:22",35.654,35.218,7.2,"ML",3.2,"Akdeniz"
549433,"2023-02-17T15:50:18",38.585,38.052,7,"ML",3.3,"Sincik (Adıyaman)"
549422,"2023-02-17T15:34:37",39.665,38.627,7,"MW",4.6,"Merkez (Elazığ)"
549414,"2023-02-17T15:01:29",37.792,37.857,7.62,"ML",3.8,"Gölbaşı (Adıyaman)"
549413,"2023-02-17T14:58:55",36.322,37.94,10.11,"MW",4.5,"Göksun (Kahramanmaraş)"
549377,"2023-02-17T13:58:46",37.069,37.286,6.18,"ML",3.2,"Pazarcık (Kahramanmaraş)"
549367,"2023-02-17T13:48:45",38.601,38.079,7.38,"ML",3.1,"Sincik (Adıyaman)"
549295,"2023-02-17T12:41:15",36.602,37.853,7.27,"ML",3,"Onikişubat (Kahramanmaraş)"
549285,"2023-02-17T12:10:27",38.615,38.1,5.18,"ML",3.2,"Pütürge (Malatya)"
549276,"2023-02-17T12:20:56",37.018,37.311,15.25,"ML",3.3,"Türkoğlu (Kahramanmaraş)"
549249,"2023-02-17T11:48:49",37.746,38.032,7,"ML",3.3,"Doğanşehir (Malatya)"
549220,"2023-02-17T10:57:03",36.226,37.873,6.76,"ML",3.9,"Saimbeyli (Adana)"
549218,"2023-02-17T10:48:07",36.291,37.876,6.92,"ML",3.7,"Göksun (Kahramanmaraş)"
549206,"2023-02-17T10:25:05",36.567,38.133,6.7,"ML",3.1,"Göksun (Kahramanmaraş)"
549194,"2023-02-17T09:48:12",26.303,39.376,6.46,"ML",3,"Ege Denizi - [13.11 km] Ayvacık (Çanakkale)"
549179,"2023-02-17T09:40:23",41.971,41.837,7,"ML",3.1,"Kobuleti, Acara (Gürcistan) - [39.32 km] Borçka (Artvin)"
549113,"2023-02-17T08:29:25",38.171,38.161,21.88,"ML",3.2,"Yeşilyurt (Malatya)"
549092,"2023-02-17T08:24:12",36.531,38.057,12.12,"ML",3,"Göksun (Kahramanmaraş)"
549000,"2023-02-17T06:30:04",36.886,37.373,10.48,"ML",3.2,"Türkoğlu (Kahramanmaraş)"
548980,"2023-02-17T06:06:09",38.192,38.257,7,"MW",4.1,"Yeşilyurt (Malatya)"
548978,"2023-02-17T05:45:47",36.051,36.121,6.17,"ML",3.2,"Samandağ (Hatay)"
548977,"2023-02-17T05:50:14",36.137,36.288,7.09,"MW",3.6,"Antakya (Hatay)"
548976,"2023-02-17T05:57:15",37.668,38.027,6.99,"MW",3.2,"Doğanşehir (Malatya)"
548958,"2023-02-17T04:49:00",37.534,37.728,7,"ML",3.5,"Gölbaşı (Adıyaman)"
548952,"2023-02-17T04:35:45",37.042,37.406,12.14,"ML",3.3,"Dulkadiroğlu (Kahramanmaraş)"
548902,"2023-02-17T02:47:35",37.37,38.123,6.66,"MW",3.6,"Elbistan (Kahramanmaraş)"
548899,"2023-02-17T02:33:37",36.316,37.947,11.45,"ML",3.4,"Göksun (Kahramanmaraş)"
548894,"2023-02-17T02:22:03",36.966,42.014,27.87,"ML",3.2,"Karadeniz - [74.61 km] Çarşamba (Samsun)"
548893,"2023-02-17T02:26:32",36.31,37.951,7.04,"ML",3.3,"Göksun (Kahramanmaraş)"
548892,"2023-02-17T02:27:33",36.311,37.925,7.03,"ML",3.1,"Göksun (Kahramanmaraş)"
548875,"2023-02-17T01:42:21",36.442,38.05,7.08,"ML",3.1,"Göksun (Kahramanmaraş)"
548864,"2023-02-17T01:27:26",36.339,37.884,7.04,"ML",3.4,"Göksun (Kahramanmaraş)"
548847,"2023-02-17T00:49:18",37.216,37.522,6.6,"MW",4,"Pazarcık (Kahramanmaraş)"
548845,"2023-02-17T00:35:56",40.172,39.154,11.58,"MW",4.8,"Karakoçan (Elazığ)"
548840,"2023-02-17T00:11:38",38.131,38.875,12.34,"MW",4,"Hekimhan (Malatya)"
548835,"2023-02-16T23:53:23",37.973,37.932,10.02,"MW",4,"Doğanşehir (Malatya)"
548830,"2023-02-16T23:19:58",36.325,37.696,25.72,"ML",3.1,"Andırın (Kahramanmaraş)"
548829,"2023-02-16T23:18:38",36.569,38.097,7.02,"ML",3.1,"Göksun (Kahramanmaraş)"
548828,"2023-02-16T23:23:37",37.227,37.51,5.93,"MW",3.5,"Pazarcık (Kahramanmaraş)"
548821,"2023-02-16T22:53:21",36.541,37.989,7,"ML",3.2,"Göksun (Kahramanmaraş)"
548814,"2023-02-16T22:25:27",37.815,38.096,6.98,"ML",3.1,"Doğanşehir (Malatya)"
548811,"2023-02-16T22:20:26",37.44,38.07,6.88,"MW",3.3,"Nurhak (Kahramanmaraş)"
548808,"2023-02-16T22:01:32",37.366,38.152,7,"ML",3.2,"Elbistan (Kahramanmaraş)"
548807,"2023-02-16T22:14:49",38.26,38.294,7,"ML",3.4,"Yeşilyurt (Malatya)"
548790,"2023-02-16T21:35:55",36.454,36.668,5.64,"MW",3.6,"Hassa (Hatay)"
548774,"2023-02-16T20:17:12",35.626,35.279,19.88,"ML",3.2,"Akdeniz"
548760,"2023-02-16T19:47:50",35.752,36.253,9.26,"MW",5.1,"Akdeniz - [05.64 km] Arsuz (Hatay)"
548759,"2023-02-16T19:42:57",37.694,38.023,7,"MW",3.1,"Doğanşehir (Malatya)"
548758,"2023-02-16T19:41:30",37.768,38.085,7,"MW",3.1,"Doğanşehir (Malatya)"
548737,"2023-02-16T18:49:27",37.452,37.986,7,"ML",3.1,"Nurhak (Kahramanmaraş)"
548731,"2023-02-16T18:34:32",37.185,37.426,12.42,"ML",3,"Pazarcık (Kahramanmaraş)"
548723,"2023-02-16T18:08:54",38.367,38.053,7.06,"ML",3,"Çelikhan (Adıyaman)"
548719,"2023-02-16T18:00:36",37.918,38.083,7.08,"ML",3.1,"Doğanşehir (Malatya)"
548713,"2023-02-16T17:48:19",37.876,38.007,7,"ML",3.1,"Doğanşehir (Malatya)"
548702,"2023-02-16T17:21:35",37.47,37.949,7,"MW",3.4,"Nurhak (Kahramanmaraş)"
548688,"2023-02-16T16:51:46",36.607,38.012,11.37,"MW",3.8,"Göksun (Kahramanmaraş)"
548683,"2023-02-16T16:38:31",37.509,37.985,11.9,"MW",4,"Nurhak (Kahramanmaraş)"
548680,"2023-02-16T16:23:42",35.889,36.304,7,"ML",3.2,"Arsuz (Hatay)"
548660,"2023-02-16T15:20:11",37.799,38.111,7.22,"MW",3.5,"Doğanşehir (Malatya)"
548656,"2023-02-16T15:01:14",37.808,38.311,7,"ML",3,"Akçadağ (Malatya)"
548653,"2023-02-16T15:11:47",37.32,38.853,9.39,"MW",3.7,"Gürün (Sivas)"
548650,"2023-02-16T14:53:10",38.659,38.174,7.51,"ML",3.8,"Pütürge (Malatya)"
548649,"2023-02-16T14:45:41",37.847,38.183,7,"MW",4.7,"Doğanşehir (Malatya)"
548641,"2023-02-16T14:16:21",36.734,38.161,7,"ML",3.1,"Afşin (Kahramanmaraş)"
548629,"2023-02-16T14:06:32",37.86,37.868,13.76,"ML",3,"Gölbaşı (Adıyaman)"
548617,"2023-02-16T12:48:54",36.365,37.816,7.19,"ML",3.4,"Andırın (Kahramanmaraş)"
548599,"2023-02-16T12:24:39",36.609,37.958,7,"ML",3.2,"Onikişubat (Kahramanmaraş)"
548592,"2023-02-16T13:27:49",36.777,38.036,7.1,"ML",3,"Göksun (Kahramanmaraş)"
548566,"2023-02-16T11:48:14",35.639,36.158,7.25,"ML",3.1,"Akdeniz - [20.27 km] Arsuz (Hatay)"
548548,"2023-02-16T12:08:25",36.521,38.078,5.98,"ML",3.7,"Göksun (Kahramanmaraş)"
548546,"2023-02-16T11:24:10",36.004,36.551,7,"ML",3.6,"Akdeniz - İskenderun Körfezi - [04.13 km] Arsuz (Hatay)"
548533,"2023-02-16T11:35:59",36.702,37.424,7,"ML",3,"Onikişubat (Kahramanmaraş)"
548502,"2023-02-16T10:32:28",35.484,35.956,11.15,"ML",3,"Akdeniz - [41.35 km] Yayladağı (Hatay)"
548498,"2023-02-16T11:16:23",35.858,35.883,10.31,"MW",4.7,"Akdeniz"
548465,"2023-02-16T09:48:02",37.805,38.168,7.13,"ML",3.6,"Doğanşehir (Malatya)"
548407,"2023-02-16T08:21:51",36.455,37.882,7,"MW",4,"Göksun (Kahramanmaraş)"
548395,"2023-02-16T08:13:38",37.127,38.037,6.64,"ML",3.1,"Ekinözü (Kahramanmaraş)"
548387,"2023-02-16T07:49:58",37.693,37.776,7.07,"ML",3.4,"Gölbaşı (Adıyaman)"
548358,"2023-02-16T07:38:08",36.586,38.084,6.99,"ML",3.4,"Göksun (Kahramanmaraş)"
548348,"2023-02-16T06:20:16",35.37,37.636,7,"ML",3.8,"Aladağ (Adana)"
548344,"2023-02-16T07:10:35",38.184,37.993,8.27,"ML",3.2,"Çelikhan (Adıyaman)"
548341,"2023-02-16T06:19:55",45.2,38.504,8.17,"ML",3.4,"Khoy, West Azarbaijan (İran) - [69.46 km] Başkale (Van)"
548334,"2023-02-16T07:00:23",38.385,38.088,7.02,"ML",3.1,"Çelikhan (Adıyaman)"
548315,"2023-02-16T06:37:47",36.961,37.459,6.63,"ML",3,"Dulkadiroğlu (Kahramanmaraş)"
548288,"2023-02-16T05:56:40",36.851,37.383,7.01,"MW",3.8,"Türkoğlu (Kahramanmaraş)"
548280,"2023-02-16T05:35:55",38.547,38.158,7.01,"ML",3.1,"Battalgazi (Malatya)"
548273,"2023-02-16T05:18:55",38.576,38.151,7.03,"MW",4.4,"Battalgazi (Malatya)"
548270,"2023-02-16T04:58:23",36.929,37.154,7,"MW",3.5,"Nurdağı (Gaziantep)"
548268,"2023-02-16T04:52:17",36.18,36.351,5.97,"ML",3,"Antakya (Hatay)"
548262,"2023-02-16T04:50:15",38.608,38.202,11.25,"ML",3.2,"Battalgazi (Malatya)"
548256,"2023-02-16T04:22:04",36.956,38.136,7.46,"MW",3.3,"Göksun (Kahramanmaraş)"
548240,"2023-02-16T03:02:01",36.585,37.861,7.03,"ML",3.5,"Onikişubat (Kahramanmaraş)"
548238,"2023-02-16T02:36:40",36.559,36.838,6.98,"ML",3.2,"Hassa (Hatay)"
548234,"2023-02-16T02:36:42",36.536,36.942,7.41,"MW",3.4,"İslahiye (Gaziantep)"
548222,"2023-02-16T01:55:54",38.515,38.078,7.59,"MW",3.5,"Sincik (Adıyaman)"
548221,"2023-02-16T01:47:37",37.757,37.85,7.5,"MW",3.4,"Gölbaşı (Adıyaman)"
548220,"2023-02-16T01:30:53",35.904,36.318,7.06,"MW",3.5,"Arsuz (Hatay)"
548213,"2023-02-16T01:07:29",36.874,37.4,7.66,"ML",3.2,"Türkoğlu (Kahramanmaraş)"
548208,"2023-02-16T00:46:15",36.711,37.164,9.42,"ML",3.2,"Nurdağı (Gaziantep)"
548202,"2023-02-16T00:34:31",38.551,38.154,7.06,"MW",3.8,"Battalgazi (Malatya)"
548198,"2023-02-16T00:22:29",37.421,38.018,4.54,"ML",3.5,"Nurhak (Kahramanmaraş)"
548195,"2023-02-16T00:01:38",37.216,37.31,6.63,"ML",3.2,"Şehitkamil (Gaziantep)"
548193,"2023-02-16T00:15:26",36.592,38.077,5.88,"MW",3.8,"Göksun (Kahramanmaraş)"
548189,"2023-02-15T23:50:31",37.808,38.296,7.01,"ML",3.2,"Akçadağ (Malatya)"
548188,"2023-02-16T00:01:32",37.193,37.519,7.15,"MW",3.3,"Pazarcık (Kahramanmaraş)"
548181,"2023-02-15T23:43:38",36.873,37.405,7.11,"MW",3.8,"Türkoğlu (Kahramanmaraş)"
548180,"2023-02-15T23:31:06",36.586,36.967,7.1,"MW",3.2,"İslahiye (Gaziantep)"
548174,"2023-02-15T23:02:12",36.289,36.347,8.9,"ML",3,"Antakya (Hatay)"
548161,"2023-02-15T22:42:56",36.558,37.809,7.12,"MW",3.5,"Onikişubat (Kahramanmaraş)"
548159,"2023-02-15T22:33:47",36.604,38.095,7,"MW",3.7,"Göksun (Kahramanmaraş)"
548156,"2023-02-15T22:25:57",36.633,38.056,10,"MW",4.5,"Göksun (Kahramanmaraş)"
548155,"2023-02-15T22:19:06",38.146,38.294,7,"ML",3.2,"Yeşilyurt (Malatya)"
548154,"2023-02-15T22:17:38",37.161,37.501,7.01,"ML",3.2,"Dulkadiroğlu (Kahramanmaraş)"
548149,"2023-02-15T21:34:00",37.232,37.537,5.39,"MW",3.3,"Pazarcık (Kahramanmaraş)"
548146,"2023-02-15T21:29:40",36.865,37.255,8.23,"MW",3.7,"Nurdağı (Gaziantep)"
548140,"2023-02-15T21:04:41",37.488,38.584,6.97,"MW",3.5,"Darende (Malatya)"
548138,"2023-02-15T20:52:31",37.801,38.135,7,"ML",3,"Doğanşehir (Malatya)"
548130,"2023-02-15T20:32:04",36.71,37.608,5.51,"ML",3.1,"Onikişubat (Kahramanmaraş)"
548126,"2023-02-15T20:10:50",36.553,37.796,12.96,"MW",3.5,"Onikişubat (Kahramanmaraş)"
548123,"2023-02-15T19:49:53",36.512,36.792,6.76,"ML",3,"Hassa (Hatay)"
548122,"2023-02-15T19:49:17",36.085,36.321,7,"MW",3.7,"Antakya (Hatay)"
548116,"2023-02-15T19:40:54",36.769,37.278,9.1,"MW",3.4,"Türkoğlu (Kahramanmaraş)"
548112,"2023-02-15T19:28:17",38.202,38.022,6.98,"ML",3.3,"Çelikhan (Adıyaman)"
548105,"2023-02-15T19:04:47",37.487,37.976,7,"ML",3.1,"Nurhak (Kahramanmaraş)"
548104,"2023-02-15T19:02:09",37.403,38.06,6.99,"MW",3.4,"Nurhak (Kahramanmaraş)"
548102,"2023-02-15T18:49:03",37.86,37.789,14.31,"MW",4,"Tut (Adıyaman)"
548101,"2023-02-15T18:44:22",37.872,38.056,7.16,"ML",3.2,"Doğanşehir (Malatya)"
548097,"2023-02-15T18:36:10",38.611,38.136,7,"MW",3.4,"Pütürge (Malatya)"
548096,"2023-02-15T18:34:55",38.655,38.208,11.89,"MW",3.7,"Pütürge (Malatya)"
548094,"2023-02-15T18:15:28",37.721,38.406,7,"MW",3,"Akçadağ (Malatya)"
548089,"2023-02-15T18:04:47",36.591,37.876,7.09,"ML",3,"Onikişubat (Kahramanmaraş)"
548086,"2023-02-15T17:27:54",36.553,37.79,7,"ML",3.1,"Onikişubat (Kahramanmaraş)"
548083,"2023-02-15T17:17:15",36.557,37.793,7,"ML",3.1,"Onikişubat (Kahramanmaraş)"
548081,"2023-02-15T17:39:51",36.658,37.936,7,"MW",3,"Onikişubat (Kahramanmaraş)"
548080,"2023-02-15T17:38:23",36.556,37.81,9.76,"MW",3.5,"Onikişubat (Kahramanmaraş)"
548079,"2023-02-15T17:32:02",36.556,37.806,7.13,"MW",3.4,"Onikişubat (Kahramanmaraş)"
548071,"2023-02-15T17:07:44",38.341,38.061,7.02,"MW",3.4,"Çelikhan (Adıyaman)"
548070,"2023-02-15T16:55:51",36.094,36.258,7.03,"ML",3.2,"Antakya (Hatay)"
548067,"2023-02-15T16:56:15",36.636,37.942,5.61,"MW",3.9,"Onikişubat (Kahramanmaraş)"
548058,"2023-02-15T16:10:14",36.388,37.217,6.04,"ML",3,"Düziçi (Osmaniye)"
548050,"2023-02-15T15:58:32",36.056,36.252,5.64,"MW",3.6,"Antakya (Hatay)"
548048,"2023-02-15T15:32:26",35.428,40.573,5.01,"MW",3.7,"Mecitözü (Çorum)"
548047,"2023-02-15T15:35:01",37.161,37.408,7,"MW",3.8,"Pazarcık (Kahramanmaraş)"
548043,"2023-02-15T14:46:11",35.854,36.087,7,"MW",3.5,"Akdeniz - [07.92 km] Samandağ (Hatay)"
548042,"2023-02-15T15:21:10",36.551,38.092,7,"MW",3.8,"Göksun (Kahramanmaraş)"
548037,"2023-02-15T15:12:12",35.388,40.589,11.95,"MW",4,"Mecitözü (Çorum)"
548035,"2023-02-15T14:49:32",37.861,37.887,7.16,"ML",3.2,"Gölbaşı (Adıyaman)"
548034,"2023-02-15T14:59:30",37.605,37.962,15.08,"ML",3.3,"Doğanşehir (Malatya)"
548033,"2023-02-15T14:38:47",36.521,38.078,7.07,"ML",3,"Göksun (Kahramanmaraş)"
548028,"2023-02-15T14:29:10",36.549,38.092,6.95,"ML",3.2,"Göksun (Kahramanmaraş)"
548020,"2023-02-15T14:06:58",37.677,37.774,10.38,"ML",3,"Gölbaşı (Adıyaman)"
548016,"2023-02-15T14:08:22",37.011,37.413,8.17,"ML",3.8,"Dulkadiroğlu (Kahramanmaraş)"
547998,"2023-02-15T13:46:45",36.741,38.088,7,"ML",3.7,"Göksun (Kahramanmaraş)"
547984,"2023-02-15T13:35:07",37.884,37.824,10.13,"ML",3,"Tut (Adıyaman)"
547926,"2023-02-15T12:22:51",38.109,38.221,7.89,"ML",4,"Yeşilyurt (Malatya)"
547918,"2023-02-15T12:06:09",36.644,37.924,7.05,"ML",3.3,"Onikişubat (Kahramanmaraş)"
547913,"2023-02-15T11:53:39",38.377,38.081,7,"ML",3.3,"Çelikhan (Adıyaman)"
547910,"2023-02-15T11:56:36",37.528,37.937,7,"ML",3.4,"Nurhak (Kahramanmaraş)"
547880,"2023-02-15T11:00:06",36.411,38.03,7.06,"ML",3.3,"Göksun (Kahramanmaraş)"
547872,"2023-02-15T10:14:20",36.444,38.031,10.1,"ML",3.8,"Göksun (Kahramanmaraş)"
547868,"2023-02-15T10:01:54",36.719,37.188,7,"ML",3.7,"Nurdağı (Gaziantep)"
547860,"2023-02-15T09:43:07",36.056,35.989,12.41,"ML",3.2,"Yayladağı (Hatay)"
547853,"2023-02-15T09:38:14",36.294,37.869,7.03,"ML",3,"Göksun (Kahramanmaraş)"
547840,"2023-02-15T10:23:15",37.934,38.417,6.8,"MW",3.8,"Akçadağ (Malatya)"
547835,"2023-02-15T10:14:20",36.446,38.032,11.42,"ML",4,"Göksun (Kahramanmaraş)"
547810,"2023-02-15T08:51:42",37.352,38.066,16.24,"ML",3.4,"Nurhak (Kahramanmaraş)"
547795,"2023-02-15T08:35:19",36.548,38.034,5.64,"ML",3.4,"Göksun (Kahramanmaraş)"
547758,"2023-02-15T08:20:01",37.154,37.37,12.41,"ML",3.5,"Pazarcık (Kahramanmaraş)"
547748,"2023-02-15T07:56:29",38.556,38.14,18.3,"ML",3.5,"Sincik (Adıyaman)"
547746,"2023-02-15T07:40:59",36.61,38.061,7,"ML",3.4,"Göksun (Kahramanmaraş)"
547740,"2023-02-15T06:58:46",37.871,38.099,7.06,"ML",3,"Doğanşehir (Malatya)"
547735,"2023-02-15T07:36:28",36.424,38.028,15.8,"ML",4.7,"Göksun (Kahramanmaraş)"
547731,"2023-02-15T07:18:58",38.527,38.118,14.1,"ML",3.1,"Sincik (Adıyaman)"
547721,"2023-02-15T07:12:18",38.476,38.108,9,"ML",3.2,"Sincik (Adıyaman)"
547720,"2023-02-15T06:50:41",37.703,37.756,7,"ML",3,"Gölbaşı (Adıyaman)"
547718,"2023-02-15T07:11:35",38.417,38.018,12.4,"ML",3,"Çelikhan (Adıyaman)"
547702,"2023-02-15T06:17:09",36.621,37.874,10.12,"ML",3.3,"Onikişubat (Kahramanmaraş)"
547699,"2023-02-15T06:01:28",36.574,38.071,7.36,"ML",3.3,"Göksun (Kahramanmaraş)"
547698,"2023-02-15T06:25:29",36.661,38.087,12.3,"ML",4.6,"Göksun (Kahramanmaraş)"
547694,"2023-02-15T05:48:08",36.593,38.117,7.79,"MW",3.5,"Göksun (Kahramanmaraş)"
547693,"2023-02-15T05:45:41",37.808,38.119,6.98,"MW",3.6,"Doğanşehir (Malatya)"
547669,"2023-02-15T04:42:39",37.134,37.51,7.71,"MW",3.7,"Dulkadiroğlu (Kahramanmaraş)"
547660,"2023-02-15T03:51:26",35.666,36.037,24.75,"ML",3,"Akdeniz - [25.70 km] Samandağ (Hatay)"
547655,"2023-02-15T03:54:41",36.291,37.853,7,"ML",3,"Göksun (Kahramanmaraş)"
547652,"2023-02-15T03:51:23",35.952,36.115,5.93,"ML",3.4,"Samandağ (Hatay)"
547648,"2023-02-15T03:03:29",37.006,37.457,7.77,"ML",3.3,"Dulkadiroğlu (Kahramanmaraş)"
547644,"2023-02-15T02:44:16",36.418,36.557,6.76,"ML",3.1,"Kırıkhan (Hatay)"
547606,"2023-02-15T01:43:56",36.674,37.155,7,"MW",3.5,"Nurdağı (Gaziantep)"
547597,"2023-02-15T00:47:36",37.489,37.994,6.83,"MW",3.5,"Nurhak (Kahramanmaraş)"
547596,"2023-02-15T00:45:24",36.62,37.896,7.02,"ML",3,"Onikişubat (Kahramanmaraş)"
547588,"2023-02-15T00:21:22",36.28,36.417,5.96,"ML",3.1,"Kırıkhan (Hatay)"
547582,"2023-02-15T00:06:03",36.507,36.839,6.51,"MW",4.2,"Hassa (Hatay)"
547578,"2023-02-14T23:54:48",37.039,37.321,7.44,"ML",3.2,"Türkoğlu (Kahramanmaraş)"
547575,"2023-02-14T23:30:24",36.6,37.986,6.99,"ML",3,"Onikişubat (Kahramanmaraş)"
547572,"2023-02-14T23:24:14",38.206,38.108,11.09,"ML",3.4,"Çelikhan (Adıyaman)"
547571,"2023-02-14T23:01:34",36.634,36.691,7,"ML",3,"Afrin, Halep (Suriye) - [07.23 km] Hassa (Hatay)"
547570,"2023-02-14T23:13:15",38.056,37.861,7,"ML",3.1,"Merkez (Adıyaman)"
547569,"2023-02-14T23:17:37",36.875,37.301,12.81,"ML",3.1,"Türkoğlu (Kahramanmaraş)"
547560,"2023-02-14T23:14:01",37.423,38.616,12.48,"MW",4.6,"Darende (Malatya)"
547559,"2023-02-14T22:48:04",38.099,38.245,6.99,"ML",3.1,"Yeşilyurt (Malatya)"
547558,"2023-02-14T22:46:54",38.258,37.974,10.19,"ML",3,"Merkez (Adıyaman)"
547553,"2023-02-14T22:27:08",37.77,38.08,7.89,"ML",3.1,"Doğanşehir (Malatya)"
547550,"2023-02-14T22:15:04",36.368,36.469,10.41,"ML",3.2,"Kırıkhan (Hatay)"
547546,"2023-02-14T22:09:25",37.039,38.001,7.02,"MW",3.5,"Ekinözü (Kahramanmaraş)"
547541,"2023-02-14T21:53:14",36.451,36.672,9.79,"MW",3.9,"Hassa (Hatay)"
547538,"2023-02-14T21:37:26",37.418,38.689,6.37,"ML",3.3,"Gürün (Sivas)"
547537,"2023-02-14T21:36:13",36.58,37.363,8.39,"ML",3.5,"Düziçi (Osmaniye)"
547535,"2023-02-14T21:29:55",37.779,38.014,6.71,"ML",3,"Doğanşehir (Malatya)"
547534,"2023-02-14T21:30:42",38.539,38.162,6.98,"ML",3.2,"Battalgazi (Malatya)"
547525,"2023-02-14T21:25:31",37.212,38.2,9.79,"ML",3.2,"Elbistan (Kahramanmaraş)"
547515,"2023-02-14T20:51:15",36.47,37.976,7,"ML",3,"Göksun (Kahramanmaraş)"
547494,"2023-02-14T20:08:03",37.725,37.768,5.69,"MW",3.8,"Gölbaşı (Adıyaman)"
547487,"2023-02-14T19:32:39",37.706,37.782,8.02,"ML",3.2,"Gölbaşı (Adıyaman)"
547480,"2023-02-14T19:15:56",36.316,37.13,7,"ML",3.2,"Merkez (Osmaniye)"
547447,"2023-02-14T17:58:12",38.696,38.977,6.7,"MW",3.5,"Ağın (Elazığ)"
547441,"2023-02-14T17:52:56",36.07,36.193,8.58,"ML",3.4,"Defne (Hatay)"
547419,"2023-02-14T16:51:09",37.808,38.322,22.65,"MW",3.7,"Akçadağ (Malatya)"
547402,"2023-02-14T15:48:13",36.366,37.929,7,"ML",3,"Göksun (Kahramanmaraş)"
547401,"2023-02-14T15:50:37",37.135,38.036,7.01,"MW",4.1,"Ekinözü (Kahramanmaraş)"
547398,"2023-02-14T15:30:14",37.558,38.008,7.04,"ML",3.1,"Nurhak (Kahramanmaraş)"
547396,"2023-02-14T15:36:11",36.548,37.987,7.06,"ML",3,"Göksun (Kahramanmaraş)"
547390,"2023-02-14T15:14:37",36.576,36.957,6.9,"ML",3.2,"İslahiye (Gaziantep)"
547388,"2023-02-14T15:04:08",37.634,37.964,7.15,"ML",3.5,"Doğanşehir (Malatya)"
547372,"2023-02-14T14:33:37",38.392,38.075,7.03,"ML",3,"Çelikhan (Adıyaman)"
547365,"2023-02-14T13:51:48",36.577,36.923,6.72,"ML",3,"İslahiye (Gaziantep)"
547363,"2023-02-14T13:49:14",36.784,37.292,7,"ML",3,"Türkoğlu (Kahramanmaraş)"
547359,"2023-02-14T14:03:07",36.791,37.303,6.99,"ML",3.1,"Türkoğlu (Kahramanmaraş)"
547353,"2023-02-14T13:25:33",36.66,37.86,7.15,"ML",3,"Onikişubat (Kahramanmaraş)"
547347,"2023-02-14T13:22:41",38.014,38.239,7,"ML",3.3,"Yeşilyurt (Malatya)"
547334,"2023-02-14T13:13:04",37.965,37.941,12,"ML",4.1,"Doğanşehir (Malatya)"
547330,"2023-02-14T12:49:18",37.463,38.003,6.93,"ML",3.2,"Nurhak (Kahramanmaraş)"
547329,"2023-02-14T12:46:37",37.307,37.59,7.15,"ML",3.4,"Pazarcık (Kahramanmaraş)"
547326,"2023-02-14T12:43:12",38.168,38.124,0,"ML",3.4,"Yeşilyurt (Malatya)"
547324,"2023-02-14T12:45:20",37.629,37.957,7.11,"ML",3,"Doğanşehir (Malatya)"
547304,"2023-02-14T12:32:21",36.576,38.029,7.07,"ML",3,"Göksun (Kahramanmaraş)"
547271,"2023-02-14T11:51:35",37.398,38.044,7,"ML",3,"Nurhak (Kahramanmaraş)"
547269,"2023-02-14T11:54:11",36.051,36.091,7,"ML",4.1,"Samandağ (Hatay)"
547268,"2023-02-14T11:36:35",36.55,38.135,3.02,"ML",3.4,"Göksun (Kahramanmaraş)"
547263,"2023-02-14T11:09:22",36.602,38.061,7.02,"ML",3.1,"Göksun (Kahramanmaraş)"
547262,"2023-02-14T11:08:26",36.593,38.022,7.01,"ML",3.5,"Göksun (Kahramanmaraş)"
547259,"2023-02-14T11:07:45",36.368,37.967,7.1,"ML",4.1,"Göksun (Kahramanmaraş)"
547254,"2023-02-14T11:04:13",36.605,38.068,6.94,"ML",3.7,"Göksun (Kahramanmaraş)"
547235,"2023-02-14T10:30:38",38.124,38.225,7.07,"ML",3,"Yeşilyurt (Malatya)"
547206,"2023-02-14T10:11:57",36.562,38.038,11.12,"ML",3,"Göksun (Kahramanmaraş)"
547152,"2023-02-14T08:55:23",36.894,38.104,7.01,"ML",3,"Göksun (Kahramanmaraş)"
547148,"2023-02-14T09:10:41",37.277,37.552,13.38,"ML",3.2,"Pazarcık (Kahramanmaraş)"
547144,"2023-02-14T08:44:18",36.868,38.11,6.98,"ML",3.4,"Göksun (Kahramanmaraş)"
547133,"2023-02-14T08:16:58",38.839,38.292,7,"ML",3,"Pütürge (Malatya)"
547132,"2023-02-14T08:19:26",37.389,38.049,15.22,"ML",3.1,"Nurhak (Kahramanmaraş)"
547115,"2023-02-14T08:00:29",37.877,37.819,6.14,"ML",3.4,"Tut (Adıyaman)"
547113,"2023-02-14T07:57:45",36.674,37.869,6.97,"ML",3,"Onikişubat (Kahramanmaraş)"
547110,"2023-02-14T07:48:12",37.708,38.059,7.03,"ML",3.1,"Doğanşehir (Malatya)"
547103,"2023-02-14T07:41:38",36.279,37.857,7.03,"ML",3,"Saimbeyli (Adana)"
547074,"2023-02-14T06:50:13",38.183,38.263,7.1,"ML",3.1,"Yeşilyurt (Malatya)"
547070,"2023-02-14T06:41:31",36.242,37.925,7.03,"ML",3.6,"Saimbeyli (Adana)"
547055,"2023-02-14T06:09:06",36.803,37.299,2.84,"ML",3,"Türkoğlu (Kahramanmaraş)"
547040,"2023-02-14T04:58:43",37.462,38.11,7,"ML",3.7,"Elbistan (Kahramanmaraş)"
547026,"2023-02-14T04:36:47",38.565,38.146,7,"ML",3.7,"Battalgazi (Malatya)"
547017,"2023-02-14T03:59:19",37.693,37.819,7,"ML",3.5,"Gölbaşı (Adıyaman)"
546993,"2023-02-14T03:32:04",37.412,38.089,7,"ML",3.2,"Elbistan (Kahramanmaraş)"
546985,"2023-02-14T03:17:37",38.319,38.327,11.99,"ML",3.3,"Battalgazi (Malatya)"
546981,"2023-02-14T03:05:15",36.611,38.057,7,"ML",3.8,"Göksun (Kahramanmaraş)"
546978,"2023-02-14T02:48:42",38.54,38.125,7.02,"ML",3.1,"Sincik (Adıyaman)"
546977,"2023-02-14T02:49:24",38.036,38.217,7,"ML",3.5,"Yeşilyurt (Malatya)"
546976,"2023-02-14T02:43:33",38.206,38.256,7.02,"ML",3.1,"Yeşilyurt (Malatya)"
546959,"2023-02-14T01:56:33",36.369,36.647,7,"ML",3.5,"Kırıkhan (Hatay)"
546958,"2023-02-14T01:51:33",37.209,37.52,7,"ML",3.4,"Pazarcık (Kahramanmaraş)"
546952,"2023-02-14T01:41:12",37.196,38.086,7.06,"ML",3.1,"Ekinözü (Kahramanmaraş)"
546921,"2023-02-14T00:10:34",36.474,36.641,7,"ML",3.2,"Kırıkhan (Hatay)"
546919,"2023-02-14T01:06:45",37.751,38.117,6.96,"ML",3.1,"Doğanşehir (Malatya)"
546914,"2023-02-14T00:54:59",37.836,38.091,7,"ML",3.5,"Doğanşehir (Malatya)"
546913,"2023-02-14T00:50:56",36.611,37.977,10.49,"MW",3.9,"Onikişubat (Kahramanmaraş)"
546899,"2023-02-13T23:03:37",28.916,37.107,10.05,"ML",3,"Köyceğiz (Muğla)"
546885,"2023-02-13T23:02:15",34.024,37.97,15.86,"ML",3.1,"Ereğli (Konya)"
546883,"2023-02-13T23:49:28",35.968,36.359,7,"ML",3.1,"Arsuz (Hatay)"
546882,"2023-02-13T23:49:34",36.481,38.039,7,"MW",3.9,"Göksun (Kahramanmaraş)"
546827,"2023-02-13T20:53:22",38.235,38.252,7,"ML",3.2,"Yeşilyurt (Malatya)"
546804,"2023-02-13T20:21:42",36.627,38.074,5.52,"ML",3,"Göksun (Kahramanmaraş)"
546800,"2023-02-13T19:57:15",37.276,37.602,7.05,"ML",3,"Pazarcık (Kahramanmaraş)"
546791,"2023-02-13T19:52:12",38.286,38.076,7.04,"ML",3.1,"Çelikhan (Adıyaman)"
546757,"2023-02-13T19:20:26",36.392,38.033,10.52,"MW",4.8,"Göksun (Kahramanmaraş)"
546755,"2023-02-13T18:49:00",36.64,37.868,7.04,"ML",3.2,"Onikişubat (Kahramanmaraş)"
546741,"2023-02-13T18:28:39",36.5,37.98,7,"ML",3.8,"Göksun (Kahramanmaraş)"
546713,"2023-02-13T17:18:59",37.925,38.044,7,"ML",3,"Doğanşehir (Malatya)"
546703,"2023-02-13T16:57:49",35.914,36.072,6.48,"ML",3.1,"Akdeniz - Antakya Körfezi - [04.44 km] Samandağ (Hatay)"
546701,"2023-02-13T17:13:31",36.608,38.105,10.47,"ML",3.6,"Göksun (Kahramanmaraş)"
546696,"2023-02-13T16:41:47",37.004,37.278,7,"ML",3.5,"Pazarcık (Kahramanmaraş)"
546687,"2023-02-13T16:21:39",36.376,37.886,7,"ML",3.4,"Göksun (Kahramanmaraş)"
546677,"2023-02-13T15:47:03",35.844,36.336,7,"ML",3.3,"Arsuz (Hatay)"
546673,"2023-02-13T15:38:19",37.852,38.188,7.02,"ML",3.3,"Doğanşehir (Malatya)"
546670,"2023-02-13T15:36:17",36.53,36.893,7,"ML",3,"İslahiye (Gaziantep)"
546669,"2023-02-13T15:30:50",36.262,37.837,6.95,"ML",3.3,"Saimbeyli (Adana)"
546667,"2023-02-13T15:20:13",36.299,37.855,7,"ML",3.1,"Göksun (Kahramanmaraş)"
546661,"2023-02-13T15:21:21",38.701,38.203,13.69,"MW",4.2,"Pütürge (Malatya)"
546659,"2023-02-13T15:18:10",36.496,36.8,6.81,"MW",3.8,"Hassa (Hatay)"
546657,"2023-02-13T15:15:03",36.289,37.86,8.56,"MW",4.2,"Göksun (Kahramanmaraş)"
546654,"2023-02-13T14:47:55",38.575,38.162,7.04,"ML",3.9,"Battalgazi (Malatya)"
546653,"2023-02-13T14:32:25",38.516,38.159,7,"ML",3,"Battalgazi (Malatya)"
546652,"2023-02-13T14:45:44",37.847,37.81,8.36,"MW",3.8,"Tut (Adıyaman)"
546648,"2023-02-13T14:28:15",38.586,38.146,7.35,"ML",4.5,"Battalgazi (Malatya)"
546642,"2023-02-13T14:08:03",37.295,38.019,7,"ML",3.9,"Nurhak (Kahramanmaraş)"
546640,"2023-02-13T14:00:13",37.249,38.039,7.26,"ML",3.9,"Nurhak (Kahramanmaraş)"
546636,"2023-02-13T13:58:44",37.388,38.043,5.62,"ML",3.3,"Nurhak (Kahramanmaraş)"
546629,"2023-02-13T12:50:14",35.984,36.029,11.55,"MW",3.4,"Samandağ (Hatay)"
546628,"2023-02-13T12:57:19",37.736,38.354,7,"ML",3.5,"Akçadağ (Malatya)"
546613,"2023-02-13T11:52:29",36.317,37.874,7,"ML",3.3,"Göksun (Kahramanmaraş)"
546610,"2023-02-13T11:59:17",36.575,36.919,6.96,"MW",4.6,"İslahiye (Gaziantep)"
546597,"2023-02-13T11:09:59",37.801,38.1,7.04,"ML",3.6,"Doğanşehir (Malatya)"
546592,"2023-02-13T10:41:06",37.209,37.456,12.46,"ML",3.4,"Pazarcık (Kahramanmaraş)"
546591,"2023-02-13T10:51:19",37.939,37.926,9.15,"ML",3.3,"Doğanşehir (Malatya)"
546588,"2023-02-13T10:10:26",36.923,38.153,7,"ML",3.1,"Afşin (Kahramanmaraş)"
546584,"2023-02-13T09:59:40",36.766,38.049,7.01,"ML",3.6,"Göksun (Kahramanmaraş)"
546579,"2023-02-13T09:39:07",36.927,37.392,8.52,"ML",3,"Türkoğlu (Kahramanmaraş)"
546576,"2023-02-13T09:55:42",38.503,38.178,11.31,"MW",3.7,"Battalgazi (Malatya)"
546571,"2023-02-13T09:23:03",37.406,38.052,7.45,"ML",3.8,"Nurhak (Kahramanmaraş)"